pizza,photos/pizza/ext_499.jpg
pizza,photos/pizza/ext_24.jpg
pizza,photos/pizza/ext_34.jpg
pizza,photos/pizza/ext_157.jpg
pizza,photos/pizza/ext_458.jpg
pizza,photos/pizza/ext_26.jpg
pizza,photos/pizza/ext_209.jpg
pizza,photos/pizza/ext_211.jpg
pizza,photos/pizza/ext_455.jpg
pizza,photos/pizza/ext_188.jpg
pizza,photos/pizza/n07873807_3557.jpg
pizza,photos/pizza/ext_418.jpg
pizza,photos/pizza/ext_215.jpg
pizza,photos/pizza/ext_439.jpg
pizza,photos/pizza/ext_420.jpg
pizza,photos/pizza/ext_199.jpg
pizza,photos/pizza/ext_133.jpg
pizza,photos/pizza/ext_481.jpg
pizza,photos/pizza/n07873807_10166.jpg
pizza,photos/pizza/ext_385.jpg
pizza,photos/pizza/ext_283.jpg
pizza,photos/pizza/ext_33.jpg
pizza,photos/pizza/ext_106.jpg
pizza,photos/pizza/ext_344.jpg
pizza,photos/pizza/n07873807_11028.jpg
pizza,photos/pizza/ext_448.jpg
pizza,photos/pizza/ext_13.jpg
pizza,photos/pizza/n07873807_11143.jpg
pizza,photos/pizza/ext_416.jpg
pizza,photos/pizza/ext_474.jpg
pizza,photos/pizza/ext_227.jpg
pizza,photos/pizza/ext_326.jpg
pizza,photos/pizza/ext_203.jpg
pizza,photos/pizza/ext_16.jpg
pizza,photos/pizza/ext_212.jpg
pizza,photos/pizza/ext_100.jpg
pizza,photos/pizza/ext_468.jpg
pizza,photos/pizza/ext_375.jpg
pizza,photos/pizza/n07873807_7747.jpg
pizza,photos/pizza/ext_60.jpg
pizza,photos/pizza/ext_239.jpg
pizza,photos/pizza/ext_253.jpg
pizza,photos/pizza/ext_206.jpg
pizza,photos/pizza/n07873807_5858.jpg
pizza,photos/pizza/ext_30.jpg
pizza,photos/pizza/ext_483.jpg
pizza,photos/pizza/ext_7.jpg
pizza,photos/pizza/ext_111.jpg
pizza,photos/pizza/ext_64.jpg
pizza,photos/pizza/ext_55.jpg
pizza,photos/pizza/ext_442.jpg
pizza,photos/pizza/ext_306.jpg
pizza,photos/pizza/ext_391.jpg
pizza,photos/pizza/ext_486.jpg
pizza,photos/pizza/ext_236.jpg
pizza,photos/pizza/ext_377.jpg
pizza,photos/pizza/n07873807_5785.jpg
pizza,photos/pizza/ext_395.jpg
pizza,photos/pizza/n07873807_500.jpg
pizza,photos/pizza/ext_437.jpg
pizza,photos/pizza/n07873807_6135.jpg
pizza,photos/pizza/ext_386.jpg
pizza,photos/pizza/ext_139.jpg
pizza,photos/pizza/ext_220.jpg
pizza,photos/pizza/ext_196.jpg
pizza,photos/pizza/ext_184.jpg
pizza,photos/pizza/ext_297.jpg
pizza,photos/pizza/ext_176.jpg
pizza,photos/pizza/ext_271.jpg
pizza,photos/pizza/n07873807_20709.jpg
pizza,photos/pizza/n07873807_11153.jpg
pizza,photos/pizza/ext_265.jpg
pizza,photos/pizza/ext_365.jpg
pizza,photos/pizza/ext_129.jpg
pizza,photos/pizza/ext_232.jpg
pizza,photos/pizza/ext_451.jpg
pizza,photos/pizza/ext_380.jpg
pizza,photos/pizza/ext_284.jpg
pizza,photos/pizza/ext_98.jpg
pizza,photos/pizza/ext_73.jpg
pizza,photos/pizza/ext_302.jpg
pizza,photos/pizza/ext_457.jpg
pizza,photos/pizza/ext_280.jpg
pizza,photos/pizza/ext_1.jpg
pizza,photos/pizza/ext_471.jpg
pizza,photos/pizza/ext_22.jpg
pizza,photos/pizza/ext_25.jpg
pizza,photos/pizza/n07873807_11457.jpg
pizza,photos/pizza/ext_400.jpg
pizza,photos/pizza/ext_128.jpg
pizza,photos/pizza/ext_325.jpg
pizza,photos/pizza/ext_90.jpg
pizza,photos/pizza/ext_358.jpg
pizza,photos/pizza/ext_59.jpg
pizza,photos/pizza/ext_469.jpg
pizza,photos/pizza/n07873807_10283.jpg
pizza,photos/pizza/ext_366.jpg
pizza,photos/pizza/ext_407.jpg
pizza,photos/pizza/ext_390.jpg
pizza,photos/pizza/ext_36.jpg
pizza,photos/pizza/ext_229.jpg
pizza,photos/pizza/ext_482.jpg
pizza,photos/pizza/ext_435.jpg
pizza,photos/pizza/n07873807_1920.jpg
pizza,photos/pizza/ext_345.jpg
pizza,photos/pizza/ext_94.jpg
pizza,photos/pizza/ext_197.jpg
pizza,photos/pizza/ext_164.jpg
pizza,photos/pizza/ext_108.jpg
pizza,photos/pizza/ext_396.jpg
pizza,photos/pizza/ext_445.jpg
pizza,photos/pizza/ext_125.jpg
pizza,photos/pizza/ext_144.jpg
pizza,photos/pizza/ext_32.jpg
pizza,photos/pizza/ext_274.jpg
pizza,photos/pizza/ext_151.jpg
pizza,photos/pizza/ext_263.jpg
pizza,photos/pizza/ext_230.jpg
pizza,photos/pizza/ext_268.jpg
pizza,photos/pizza/ext_113.jpg
pizza,photos/pizza/n07873807_6849.jpg
pizza,photos/pizza/n07873807_8370.jpg
pizza,photos/pizza/ext_278.jpg
pizza,photos/pizza/ext_183.jpg
pizza,photos/pizza/n07873807_11641.jpg
pizza,photos/pizza/ext_497.jpg
pizza,photos/pizza/ext_313.jpg
pizza,photos/pizza/n07873807_7488.jpg
pizza,photos/pizza/ext_367.jpg
pizza,photos/pizza/ext_332.jpg
pizza,photos/pizza/ext_305.jpg
pizza,photos/pizza/ext_419.jpg
pizza,photos/pizza/ext_179.jpg
pizza,photos/pizza/ext_39.jpg
pizza,photos/pizza/ext_314.jpg
pizza,photos/pizza/ext_8.jpg
pizza,photos/pizza/n07873807_1597.jpg
pizza,photos/pizza/ext_143.jpg
pizza,photos/pizza/n07873807_8412.jpg
pizza,photos/pizza/n07873807_5640.jpg
pizza,photos/pizza/ext_122.jpg
pizza,photos/pizza/ext_403.jpg
pizza,photos/pizza/ext_384.jpg
pizza,photos/pizza/ext_460.jpg
pizza,photos/pizza/n07873807_12582.jpg
pizza,photos/pizza/n07873807_7179.jpg
pizza,photos/pizza/ext_109.jpg
pizza,photos/pizza/ext_429.jpg
pizza,photos/pizza/ext_194.jpg
pizza,photos/pizza/ext_45.jpg
pizza,photos/pizza/ext_372.jpg
pizza,photos/pizza/ext_307.jpg
pizza,photos/pizza/ext_138.jpg
pizza,photos/pizza/ext_269.jpg
pizza,photos/pizza/ext_450.jpg
pizza,photos/pizza/ext_103.jpg
pizza,photos/pizza/ext_87.jpg
pizza,photos/pizza/n07873807_2233.jpg
pizza,photos/pizza/n07873807_3752.jpg
pizza,photos/pizza/ext_438.jpg
pizza,photos/pizza/ext_258.jpg
pizza,photos/pizza/ext_264.jpg
pizza,photos/pizza/ext_132.jpg
pizza,photos/pizza/ext_421.jpg
pizza,photos/pizza/ext_327.jpg
pizza,photos/pizza/ext_432.jpg
pizza,photos/pizza/n07873807_4571.jpg
pizza,photos/pizza/ext_329.jpg
pizza,photos/pizza/ext_308.jpg
pizza,photos/pizza/ext_187.jpg
pizza,photos/pizza/ext_393.jpg
pizza,photos/pizza/ext_221.jpg
pizza,photos/pizza/ext_293.jpg
pizza,photos/pizza/ext_41.jpg
pizza,photos/pizza/n07873807_6015.jpg
pizza,photos/pizza/ext_427.jpg
pizza,photos/pizza/ext_190.jpg
pizza,photos/pizza/ext_279.jpg
pizza,photos/pizza/n07873807_1854.jpg
pizza,photos/pizza/ext_114.jpg
pizza,photos/pizza/n07873807_10231.jpg
pizza,photos/pizza/ext_28.jpg
pizza,photos/pizza/ext_96.jpg
pizza,photos/pizza/ext_330.jpg
pizza,photos/pizza/ext_300.jpg
pizza,photos/pizza/ext_301.jpg
pizza,photos/pizza/ext_328.jpg
pizza,photos/pizza/ext_83.jpg
pizza,photos/pizza/ext_10.jpg
pizza,photos/pizza/ext_404.jpg
pizza,photos/pizza/ext_99.jpg
pizza,photos/pizza/ext_498.jpg
pizza,photos/pizza/ext_245.jpg
pizza,photos/pizza/ext_294.jpg
pizza,photos/pizza/ext_141.jpg
pizza,photos/pizza/n07873807_8076.jpg
pizza,photos/pizza/ext_70.jpg
pizza,photos/pizza/ext_225.jpg
pizza,photos/pizza/ext_394.jpg
pizza,photos/pizza/ext_95.jpg
pizza,photos/pizza/ext_5.jpg
pizza,photos/pizza/n07873807_19530.jpg
pizza,photos/pizza/ext_459.jpg
pizza,photos/pizza/ext_52.jpg
pizza,photos/pizza/n07873807_9588.jpg
pizza,photos/pizza/ext_246.jpg
pizza,photos/pizza/n07873807_8839.jpg
pizza,photos/pizza/ext_69.jpg
pizza,photos/pizza/n07873807_9595.jpg
pizza,photos/pizza/ext_102.jpg
pizza,photos/pizza/ext_353.jpg
pizza,photos/pizza/ext_399.jpg
pizza,photos/pizza/ext_145.jpg
pizza,photos/pizza/ext_472.jpg
pizza,photos/pizza/n07873807_10932.jpg
pizza,photos/pizza/ext_207.jpg
pizza,photos/pizza/ext_336.jpg
pizza,photos/pizza/ext_121.jpg
pizza,photos/pizza/ext_463.jpg
pizza,photos/pizza/ext_316.jpg
pizza,photos/pizza/ext_355.jpg
pizza,photos/pizza/ext_51.jpg
pizza,photos/pizza/ext_104.jpg
pizza,photos/pizza/ext_177.jpg
pizza,photos/pizza/ext_91.jpg
pizza,photos/pizza/ext_387.jpg
pizza,photos/pizza/n07873807_231.jpg
pizza,photos/pizza/ext_134.jpg
pizza,photos/pizza/n07873807_11348.jpg
pizza,photos/pizza/ext_477.jpg
pizza,photos/pizza/ext_496.jpg
pizza,photos/pizza/ext_21.jpg
pizza,photos/pizza/ext_281.jpg
pizza,photos/pizza/ext_79.jpg
pizza,photos/pizza/ext_348.jpg
pizza,photos/pizza/ext_413.jpg
pizza,photos/pizza/ext_456.jpg
pizza,photos/pizza/ext_411.jpg
pizza,photos/pizza/ext_362.jpg
pizza,photos/pizza/ext_159.jpg
pizza,photos/pizza/ext_440.jpg
pizza,photos/pizza/n07873807_7113.jpg
pizza,photos/pizza/ext_208.jpg
pizza,photos/pizza/ext_467.jpg
pizza,photos/pizza/ext_180.jpg
pizza,photos/pizza/ext_383.jpg
pizza,photos/pizza/ext_282.jpg
pizza,photos/pizza/ext_494.jpg
pizza,photos/pizza/ext_256.jpg
pizza,photos/pizza/n07873807_12468.jpg
pizza,photos/pizza/ext_452.jpg
pizza,photos/pizza/ext_14.jpg
pizza,photos/pizza/ext_479.jpg
pizza,photos/pizza/ext_414.jpg
pizza,photos/pizza/n07873807_914.jpg
pizza,photos/pizza/ext_93.jpg
pizza,photos/pizza/n07873807_11663.jpg
pizza,photos/pizza/n07873807_4934.jpg
pizza,photos/pizza/ext_352.jpg
pizza,photos/pizza/ext_210.jpg
pizza,photos/pizza/n07873807_9429.jpg
pizza,photos/pizza/ext_318.jpg
pizza,photos/pizza/ext_488.jpg
pizza,photos/pizza/ext_478.jpg
pizza,photos/pizza/ext_320.jpg
pizza,photos/pizza/ext_117.jpg
pizza,photos/pizza/ext_500.jpg
pizza,photos/pizza/ext_310.jpg
pizza,photos/pizza/ext_219.jpg
pizza,photos/pizza/ext_335.jpg
pizza,photos/pizza/n07873807_4443.jpg
pizza,photos/pizza/ext_276.jpg
pizza,photos/pizza/ext_254.jpg
pizza,photos/pizza/ext_216.jpg
pizza,photos/pizza/ext_160.jpg
pizza,photos/pizza/ext_288.jpg
pizza,photos/pizza/ext_191.jpg
pizza,photos/pizza/ext_315.jpg
pizza,photos/pizza/ext_192.jpg
pizza,photos/pizza/n07873807_10998.jpg
pizza,photos/pizza/ext_388.jpg
pizza,photos/pizza/ext_149.jpg
pizza,photos/pizza/ext_88.jpg
pizza,photos/pizza/n07873807_12893.jpg
pizza,photos/pizza/ext_324.jpg
pizza,photos/pizza/ext_272.jpg
pizza,photos/pizza/ext_441.jpg
pizza,photos/pizza/ext_77.jpg
pizza,photos/pizza/ext_343.jpg
pizza,photos/pizza/ext_226.jpg
pizza,photos/pizza/ext_299.jpg
pizza,photos/pizza/ext_259.jpg
pizza,photos/pizza/ext_86.jpg
pizza,photos/pizza/ext_171.jpg
pizza,photos/pizza/ext_50.jpg
pizza,photos/pizza/ext_20.jpg
pizza,photos/pizza/ext_323.jpg
pizza,photos/pizza/ext_65.jpg
pizza,photos/pizza/ext_462.jpg
pizza,photos/pizza/ext_154.jpg
pizza,photos/pizza/ext_382.jpg
pizza,photos/pizza/ext_123.jpg
pizza,photos/pizza/ext_250.jpg
pizza,photos/pizza/ext_346.jpg
pizza,photos/pizza/ext_379.jpg
pizza,photos/pizza/ext_257.jpg
pizza,photos/pizza/ext_66.jpg
pizza,photos/pizza/ext_357.jpg
pizza,photos/pizza/ext_130.jpg
pizza,photos/pizza/ext_97.jpg
pizza,photos/pizza/ext_37.jpg
pizza,photos/pizza/ext_158.jpg
pizza,photos/pizza/ext_334.jpg
pizza,photos/pizza/ext_166.jpg
pizza,photos/pizza/ext_461.jpg
pizza,photos/pizza/ext_361.jpg
pizza,photos/pizza/n07873807_10621.jpg
pizza,photos/pizza/n07873807_10341.jpg
pizza,photos/pizza/ext_233.jpg
pizza,photos/pizza/ext_57.jpg
pizza,photos/pizza/ext_48.jpg
pizza,photos/pizza/ext_169.jpg
pizza,photos/pizza/n07873807_8694.jpg
pizza,photos/pizza/n07873807_1709.jpg
pizza,photos/pizza/n07873807_2408.jpg
pizza,photos/pizza/ext_27.jpg
pizza,photos/pizza/ext_67.jpg
pizza,photos/pizza/ext_412.jpg
pizza,photos/pizza/n07873807_2044.jpg
pizza,photos/pizza/ext_193.jpg
pizza,photos/pizza/ext_186.jpg
pizza,photos/pizza/n07873807_9141.jpg
pizza,photos/pizza/ext_389.jpg
pizza,photos/pizza/ext_476.jpg
pizza,photos/pizza/ext_174.jpg
pizza,photos/pizza/ext_493.jpg
pizza,photos/pizza/ext_398.jpg
pizza,photos/pizza/ext_204.jpg
pizza,photos/pizza/ext_490.jpg
pizza,photos/pizza/ext_295.jpg
pizza,photos/pizza/ext_182.jpg
pizza,photos/pizza/ext_136.jpg
pizza,photos/pizza/ext_248.jpg
pizza,photos/pizza/ext_150.jpg
pizza,photos/pizza/ext_340.jpg
pizza,photos/pizza/ext_126.jpg
pizza,photos/pizza/ext_15.jpg
pizza,photos/pizza/n07873807_2618.jpg
pizza,photos/pizza/ext_430.jpg
pizza,photos/pizza/n07873807_11942.jpg
pizza,photos/pizza/ext_339.jpg
pizza,photos/pizza/n07873807_6472.jpg
pizza,photos/pizza/n07873807_7383.jpg
pizza,photos/pizza/ext_112.jpg
pizza,photos/pizza/ext_290.jpg
pizza,photos/pizza/ext_251.jpg
pizza,photos/pizza/n07873807_3807.jpg
pizza,photos/pizza/ext_242.jpg
pizza,photos/pizza/ext_142.jpg
pizza,photos/pizza/ext_31.jpg
pizza,photos/pizza/ext_119.jpg
pizza,photos/pizza/ext_44.jpg
pizza,photos/pizza/ext_40.jpg
pizza,photos/pizza/ext_153.jpg
pizza,photos/pizza/ext_167.jpg
pizza,photos/pizza/ext_449.jpg
pizza,photos/pizza/ext_262.jpg
pizza,photos/pizza/n07873807_7160.jpg
pizza,photos/pizza/ext_222.jpg
pizza,photos/pizza/ext_303.jpg
pizza,photos/pizza/ext_364.jpg
pizza,photos/pizza/ext_170.jpg
pizza,photos/pizza/n07873807_1766.jpg
pizza,photos/pizza/ext_392.jpg
pizza,photos/pizza/ext_360.jpg
pizza,photos/pizza/ext_84.jpg
pizza,photos/pizza/ext_422.jpg
pizza,photos/pizza/ext_342.jpg
pizza,photos/pizza/ext_92.jpg
pizza,photos/pizza/n07873807_12769.jpg
pizza,photos/pizza/ext_110.jpg
pizza,photos/pizza/ext_351.jpg
pizza,photos/pizza/ext_175.jpg
pizza,photos/pizza/ext_161.jpg
pizza,photos/pizza/ext_74.jpg
pizza,photos/pizza/ext_127.jpg
pizza,photos/pizza/ext_71.jpg
pizza,photos/pizza/n07873807_7458.jpg
pizza,photos/pizza/ext_425.jpg
pizza,photos/pizza/ext_35.jpg
pizza,photos/pizza/n07873807_4058.jpg
pizza,photos/pizza/ext_408.jpg
pizza,photos/pizza/ext_433.jpg
pizza,photos/pizza/n07873807_7124.jpg
pizza,photos/pizza/n07873807_6495.jpg
pizza,photos/pizza/ext_146.jpg
pizza,photos/pizza/ext_80.jpg
pizza,photos/pizza/ext_349.jpg
pizza,photos/pizza/ext_78.jpg
pizza,photos/pizza/ext_491.jpg
pizza,photos/pizza/ext_82.jpg
pizza,photos/pizza/ext_101.jpg
pizza,photos/pizza/ext_147.jpg
pizza,photos/pizza/ext_47.jpg
pizza,photos/pizza/ext_247.jpg
pizza,photos/pizza/ext_202.jpg
pizza,photos/pizza/n07873807_10972.jpg
pizza,photos/pizza/ext_485.jpg
pizza,photos/pizza/ext_304.jpg
pizza,photos/pizza/ext_492.jpg
pizza,photos/pizza/n07873807_13020.jpg
pizza,photos/pizza/ext_373.jpg
pizza,photos/pizza/n07873807_5907.jpg
pizza,photos/pizza/n07873807_5711.jpg
pizza,photos/pizza/ext_338.jpg
pizza,photos/pizza/ext_311.jpg
pizza,photos/pizza/ext_162.jpg
pizza,photos/pizza/n07873807_1257.jpg
pizza,photos/pizza/ext_409.jpg
pizza,photos/pizza/ext_76.jpg
pizza,photos/pizza/ext_423.jpg
pizza,photos/pizza/ext_374.jpg
pizza,photos/pizza/ext_85.jpg
pizza,photos/pizza/n07873807_10842.jpg
pizza,photos/pizza/ext_466.jpg
pizza,photos/pizza/ext_23.jpg
pizza,photos/pizza/n07873807_12811.jpg
pizza,photos/pizza/ext_402.jpg
pizza,photos/pizza/ext_240.jpg
pizza,photos/pizza/ext_140.jpg
pizza,photos/pizza/ext_410.jpg
pizza,photos/pizza/ext_107.jpg
pizza,photos/pizza/ext_356.jpg
pizza,photos/pizza/n07873807_7773.jpg
pizza,photos/pizza/ext_237.jpg
pizza,photos/pizza/ext_397.jpg
pizza,photos/pizza/ext_484.jpg
pizza,photos/pizza/ext_43.jpg
pizza,photos/pizza/ext_370.jpg
pizza,photos/pizza/ext_317.jpg
pizza,photos/pizza/n07873807_9267.jpg
pizza,photos/pizza/ext_195.jpg
pizza,photos/pizza/ext_298.jpg
pizza,photos/pizza/ext_341.jpg
pizza,photos/pizza/ext_235.jpg
pizza,photos/pizza/ext_18.jpg
pizza,photos/pizza/ext_152.jpg
pizza,photos/pizza/ext_321.jpg
pizza,photos/pizza/ext_354.jpg
pizza,photos/pizza/ext_148.jpg
pizza,photos/pizza/n07873807_2117.jpg
pizza,photos/pizza/ext_201.jpg
pizza,photos/pizza/ext_252.jpg
pizza,photos/pizza/ext_172.jpg
pizza,photos/pizza/ext_231.jpg
pizza,photos/pizza/ext_19.jpg
pizza,photos/pizza/ext_401.jpg
pizza,photos/pizza/ext_378.jpg
pizza,photos/pizza/ext_495.jpg
pizza,photos/pizza/ext_58.jpg
pizza,photos/pizza/n07873807_8632.jpg
pizza,photos/pizza/ext_81.jpg
pizza,photos/pizza/n07873807_4797.jpg
pizza,photos/pizza/ext_480.jpg
pizza,photos/pizza/ext_124.jpg
pizza,photos/pizza/ext_238.jpg
pizza,photos/pizza/ext_68.jpg
pizza,photos/pizza/n07873807_12794.jpg
pizza,photos/pizza/ext_116.jpg
pizza,photos/pizza/ext_6.jpg
pizza,photos/pizza/ext_291.jpg
pizza,photos/pizza/ext_205.jpg
pizza,photos/pizza/n07873807_10042.jpg
pizza,photos/pizza/ext_131.jpg
pizza,photos/pizza/ext_38.jpg
pizza,photos/pizza/ext_56.jpg
pizza,photos/pizza/ext_405.jpg
pizza,photos/pizza/ext_173.jpg
pizza,photos/pizza/ext_249.jpg
pizza,photos/pizza/ext_62.jpg
pizza,photos/pizza/ext_255.jpg
pizza,photos/pizza/ext_156.jpg
pizza,photos/pizza/n07873807_13185.jpg
pizza,photos/pizza/ext_168.jpg
pizza,photos/pizza/n07873807_2151.jpg
pizza,photos/pizza/ext_489.jpg
pizza,photos/pizza/ext_475.jpg
pizza,photos/pizza/ext_165.jpg
pizza,photos/pizza/ext_363.jpg
pizza,photos/pizza/ext_292.jpg
pizza,photos/pizza/ext_417.jpg
pizza,photos/pizza/ext_270.jpg
pizza,photos/pizza/ext_137.jpg
pizza,photos/pizza/ext_428.jpg
pizza,photos/pizza/ext_89.jpg
pizza,photos/pizza/ext_381.jpg
pizza,photos/pizza/ext_243.jpg
pizza,photos/pizza/ext_487.jpg
pizza,photos/pizza/ext_436.jpg
pizza,photos/pizza/ext_376.jpg
pizza,photos/pizza/ext_228.jpg
pizza,photos/pizza/ext_244.jpg
pizza,photos/pizza/ext_319.jpg
pizza,photos/pizza/n07873807_13359.jpg
pizza,photos/pizza/ext_135.jpg
pizza,photos/pizza/ext_3.jpg
pizza,photos/pizza/ext_426.jpg
pizza,photos/pizza/ext_369.jpg
pizza,photos/pizza/ext_241.jpg
pizza,photos/pizza/ext_49.jpg
pizza,photos/pizza/n07873807_791.jpg
pizza,photos/pizza/ext_261.jpg
pizza,photos/pizza/ext_2.jpg
pizza,photos/pizza/ext_213.jpg
pizza,photos/pizza/ext_277.jpg
pizza,photos/pizza/n07873807_2524.jpg
pizza,photos/pizza/ext_424.jpg
pizza,photos/pizza/n07873807_6026.jpg
pizza,photos/pizza/ext_75.jpg
pizza,photos/pizza/ext_473.jpg
pizza,photos/pizza/ext_443.jpg
pizza,photos/pizza/ext_464.jpg
pizza,photos/pizza/ext_446.jpg
pizza,photos/pizza/ext_29.jpg
pizza,photos/pizza/ext_17.jpg
pizza,photos/pizza/ext_434.jpg
pizza,photos/pizza/ext_217.jpg
pizza,photos/pizza/ext_46.jpg
pizza,photos/pizza/ext_178.jpg
pizza,photos/pizza/ext_337.jpg
pizza,photos/pizza/ext_181.jpg
pizza,photos/pizza/ext_296.jpg
pizza,photos/pizza/n07873807_1952.jpg
pizza,photos/pizza/n07873807_13101.jpg
pizza,photos/pizza/ext_223.jpg
pizza,photos/pizza/n07873807_8124.jpg
pizza,photos/pizza/ext_359.jpg
pizza,photos/pizza/ext_63.jpg
pizza,photos/pizza/ext_266.jpg
pizza,photos/pizza/n07873807_10513.jpg
pizza,photos/pizza/ext_105.jpg
pizza,photos/pizza/n07873807_2200.jpg
pizza,photos/pizza/ext_224.jpg
pizza,photos/pizza/ext_289.jpg
pizza,photos/pizza/ext_61.jpg
pizza,photos/pizza/ext_54.jpg
pizza,photos/pizza/ext_309.jpg
pizza,photos/pizza/ext_371.jpg
pizza,photos/pizza/ext_312.jpg
pizza,photos/pizza/ext_260.jpg
pizza,photos/pizza/ext_415.jpg
pizza,photos/pizza/ext_189.jpg
pizza,photos/pizza/ext_465.jpg
pizza,photos/pizza/ext_12.jpg
pizza,photos/pizza/ext_53.jpg
pizza,photos/pizza/ext_9.jpg
pizza,photos/pizza/n07873807_11248.jpg
pizza,photos/pizza/ext_200.jpg
pizza,photos/pizza/ext_406.jpg
pizza,photos/pizza/ext_444.jpg
pizza,photos/pizza/ext_234.jpg
pizza,photos/pizza/ext_218.jpg
pizza,photos/pizza/n07873807_2297.jpg
pizza,photos/pizza/n07873807_7705.jpg
pizza,photos/pizza/ext_115.jpg
pizza,photos/pizza/ext_163.jpg
pizza,photos/pizza/ext_275.jpg
pizza,photos/pizza/ext_287.jpg
pizza,photos/pizza/ext_72.jpg
pizza,photos/pizza/ext_447.jpg
pizza,photos/pizza/n07873807_3052.jpg
pizza,photos/pizza/ext_331.jpg
pizza,photos/pizza/ext_333.jpg
pizza,photos/pizza/n07873807_14532.jpg
pizza,photos/pizza/ext_118.jpg
pizza,photos/pizza/ext_42.jpg
pizza,photos/pizza/ext_120.jpg
pizza,photos/pizza/n07873807_2885.jpg
pizza,photos/pizza/n07873807_8190.jpg
pizza,photos/pizza/ext_11.jpg
pizza,photos/pizza/ext_454.jpg
pizza,photos/pizza/ext_155.jpg
pizza,photos/pizza/ext_286.jpg
pizza,photos/pizza/ext_347.jpg
pizza,photos/pizza/ext_322.jpg
pizza,photos/pizza/n07873807_3981.jpg
pizza,photos/pizza/ext_198.jpg
pizza,photos/pizza/ext_453.jpg
pizza,photos/pizza/ext_267.jpg
pizza,photos/pizza/ext_368.jpg
pizza,photos/pizza/ext_214.jpg
pizza,photos/pizza/n07873807_2048.jpg
pizza,photos/pizza/ext_470.jpg
pizza,photos/pizza/ext_285.jpg
pizza,photos/pizza/ext_4.jpg
pizza,photos/pizza/ext_431.jpg
pizza,photos/pizza/ext_350.jpg
pizza,photos/pizza/ext_185.jpg
pizza,photos/pizza/n07873807_5401.jpg
pizza,photos/pizza/ext_273.jpg
sword,photos/sword/n04373894_36217.jpg
sword,photos/sword/ext_24.jpg
sword,photos/sword/ext_34.jpg
sword,photos/sword/ext_157.jpg
sword,photos/sword/ext_26.jpg
sword,photos/sword/n04373894_29158.jpg
sword,photos/sword/ext_133.jpg
sword,photos/sword/ext_33.jpg
sword,photos/sword/ext_106.jpg
sword,photos/sword/n04373894_58428.jpg
sword,photos/sword/ext_13.jpg
sword,photos/sword/n04373894_55980.jpg
sword,photos/sword/ext_16.jpg
sword,photos/sword/ext_100.jpg
sword,photos/sword/ext_60.jpg
sword,photos/sword/ext_30.jpg
sword,photos/sword/n04373894_27557.jpg
sword,photos/sword/ext_7.jpg
sword,photos/sword/ext_111.jpg
sword,photos/sword/ext_64.jpg
sword,photos/sword/n04147793_6149.jpg
sword,photos/sword/n04373894_27472.jpg
sword,photos/sword/ext_55.jpg
sword,photos/sword/n04373894_53516.jpg
sword,photos/sword/ext_139.jpg
sword,photos/sword/n04373894_39879.jpg
sword,photos/sword/ext_176.jpg
sword,photos/sword/n04373894_26002.jpg
sword,photos/sword/n04373894_58182.jpg
sword,photos/sword/n04373894_60028.jpg
sword,photos/sword/ext_129.jpg
sword,photos/sword/ext_98.jpg
sword,photos/sword/ext_73.jpg
sword,photos/sword/ext_1.jpg
sword,photos/sword/ext_22.jpg
sword,photos/sword/ext_25.jpg
sword,photos/sword/ext_128.jpg
sword,photos/sword/ext_90.jpg
sword,photos/sword/ext_59.jpg
sword,photos/sword/ext_36.jpg
sword,photos/sword/ext_94.jpg
sword,photos/sword/ext_164.jpg
sword,photos/sword/ext_108.jpg
sword,photos/sword/ext_125.jpg
sword,photos/sword/ext_144.jpg
sword,photos/sword/ext_32.jpg
sword,photos/sword/ext_151.jpg
sword,photos/sword/n04373894_43185.jpg
sword,photos/sword/ext_113.jpg
sword,photos/sword/n04373894_51414.jpg
sword,photos/sword/n04373894_14331.jpg
sword,photos/sword/n04373894_58813.jpg
sword,photos/sword/ext_39.jpg
sword,photos/sword/ext_8.jpg
sword,photos/sword/n04373894_33323.jpg
sword,photos/sword/ext_143.jpg
sword,photos/sword/ext_122.jpg
sword,photos/sword/ext_109.jpg
sword,photos/sword/ext_45.jpg
sword,photos/sword/n04373894_32120.jpg
sword,photos/sword/ext_138.jpg
sword,photos/sword/ext_103.jpg
sword,photos/sword/n04373894_27024.jpg
sword,photos/sword/ext_87.jpg
sword,photos/sword/n04373894_41922.jpg
sword,photos/sword/n04373894_36478.jpg
sword,photos/sword/ext_132.jpg
sword,photos/sword/n04147793_2547.jpg
sword,photos/sword/n04373894_29316.jpg
sword,photos/sword/n04373894_56551.jpg
sword,photos/sword/n04373894_33277.jpg
sword,photos/sword/ext_41.jpg
sword,photos/sword/n04373894_40106.jpg
sword,photos/sword/ext_114.jpg
sword,photos/sword/ext_28.jpg
sword,photos/sword/ext_96.jpg
sword,photos/sword/ext_83.jpg
sword,photos/sword/n04147793_7939.jpg
sword,photos/sword/ext_10.jpg
sword,photos/sword/ext_99.jpg
sword,photos/sword/ext_141.jpg
sword,photos/sword/ext_70.jpg
sword,photos/sword/n04373894_29447.jpg
sword,photos/sword/n04373894_32014.jpg
sword,photos/sword/ext_95.jpg
sword,photos/sword/ext_5.jpg
sword,photos/sword/n04373894_35066.jpg
sword,photos/sword/ext_52.jpg
sword,photos/sword/ext_69.jpg
sword,photos/sword/n04373894_57629.jpg
sword,photos/sword/ext_102.jpg
sword,photos/sword/ext_145.jpg
sword,photos/sword/n04373894_47135.jpg
sword,photos/sword/n04373894_32729.jpg
sword,photos/sword/ext_121.jpg
sword,photos/sword/n04373894_47693.jpg
sword,photos/sword/ext_51.jpg
sword,photos/sword/ext_104.jpg
sword,photos/sword/ext_91.jpg
sword,photos/sword/ext_134.jpg
sword,photos/sword/n04373894_28440.jpg
sword,photos/sword/ext_21.jpg
sword,photos/sword/ext_79.jpg
sword,photos/sword/n04373894_28236.jpg
sword,photos/sword/ext_159.jpg
sword,photos/sword/n03039493_2187.jpg
sword,photos/sword/n04147793_7095.jpg
sword,photos/sword/n04373894_44787.jpg
sword,photos/sword/ext_14.jpg
sword,photos/sword/n04373894_13582.jpg
sword,photos/sword/n04373894_44664.jpg
sword,photos/sword/ext_93.jpg
sword,photos/sword/n04373894_29152.jpg
sword,photos/sword/ext_117.jpg
sword,photos/sword/n04373894_31082.jpg
sword,photos/sword/n04373894_51344.jpg
sword,photos/sword/ext_160.jpg
sword,photos/sword/ext_149.jpg
sword,photos/sword/ext_88.jpg
sword,photos/sword/ext_77.jpg
sword,photos/sword/ext_86.jpg
sword,photos/sword/ext_171.jpg
sword,photos/sword/ext_50.jpg
sword,photos/sword/ext_20.jpg
sword,photos/sword/ext_65.jpg
sword,photos/sword/ext_154.jpg
sword,photos/sword/n03039493_607.jpg
sword,photos/sword/ext_123.jpg
sword,photos/sword/ext_66.jpg
sword,photos/sword/n04373894_30732.jpg
sword,photos/sword/n04373894_30166.jpg
sword,photos/sword/ext_130.jpg
sword,photos/sword/ext_97.jpg
sword,photos/sword/ext_37.jpg
sword,photos/sword/ext_158.jpg
sword,photos/sword/ext_166.jpg
sword,photos/sword/n04147793_13881.jpg
sword,photos/sword/ext_57.jpg
sword,photos/sword/ext_48.jpg
sword,photos/sword/ext_169.jpg
sword,photos/sword/n04373894_55970.jpg
sword,photos/sword/n04373894_31746.jpg
sword,photos/sword/ext_27.jpg
sword,photos/sword/ext_67.jpg
sword,photos/sword/ext_174.jpg
sword,photos/sword/n04373894_28096.jpg
sword,photos/sword/n04373894_29562.jpg
sword,photos/sword/ext_136.jpg
sword,photos/sword/ext_150.jpg
sword,photos/sword/n04147793_15298.jpg
sword,photos/sword/ext_126.jpg
sword,photos/sword/ext_15.jpg
sword,photos/sword/ext_112.jpg
sword,photos/sword/n04373894_45055.jpg
sword,photos/sword/ext_142.jpg
sword,photos/sword/ext_31.jpg
sword,photos/sword/ext_119.jpg
sword,photos/sword/ext_44.jpg
sword,photos/sword/ext_40.jpg
sword,photos/sword/ext_153.jpg
sword,photos/sword/ext_167.jpg
sword,photos/sword/n04373894_29721.jpg
sword,photos/sword/n04373894_25977.jpg
sword,photos/sword/n04373894_59060.jpg
sword,photos/sword/ext_170.jpg
sword,photos/sword/ext_84.jpg
sword,photos/sword/n04373894_29303.jpg
sword,photos/sword/ext_92.jpg
sword,photos/sword/ext_110.jpg
sword,photos/sword/n04373894_27155.jpg
sword,photos/sword/ext_175.jpg
sword,photos/sword/ext_161.jpg
sword,photos/sword/ext_74.jpg
sword,photos/sword/ext_127.jpg
sword,photos/sword/ext_71.jpg
sword,photos/sword/n04373894_20807.jpg
sword,photos/sword/n04147793_15025.jpg
sword,photos/sword/ext_35.jpg
sword,photos/sword/ext_146.jpg
sword,photos/sword/ext_80.jpg
sword,photos/sword/ext_78.jpg
sword,photos/sword/n04373894_29112.jpg
sword,photos/sword/ext_82.jpg
sword,photos/sword/ext_101.jpg
sword,photos/sword/ext_147.jpg
sword,photos/sword/n04373894_11246.jpg
sword,photos/sword/n04147793_1759.jpg
sword,photos/sword/n04373894_54591.jpg
sword,photos/sword/ext_47.jpg
sword,photos/sword/n04373894_30706.jpg
sword,photos/sword/n04373894_36791.jpg
sword,photos/sword/n04373894_37359.jpg
sword,photos/sword/n04373894_52246.jpg
sword,photos/sword/n04373894_41839.jpg
sword,photos/sword/ext_162.jpg
sword,photos/sword/ext_76.jpg
sword,photos/sword/n04373894_27941.jpg
sword,photos/sword/ext_85.jpg
sword,photos/sword/ext_23.jpg
sword,photos/sword/ext_140.jpg
sword,photos/sword/ext_107.jpg
sword,photos/sword/n04373894_57317.jpg
sword,photos/sword/ext_43.jpg
sword,photos/sword/ext_18.jpg
sword,photos/sword/n03039493_542.jpg
sword,photos/sword/ext_152.jpg
sword,photos/sword/ext_148.jpg
sword,photos/sword/ext_172.jpg
sword,photos/sword/ext_19.jpg
sword,photos/sword/n04373894_32946.jpg
sword,photos/sword/n04373894_30965.jpg
sword,photos/sword/n04373894_42854.jpg
sword,photos/sword/n03039493_5432.jpg
sword,photos/sword/ext_58.jpg
sword,photos/sword/ext_81.jpg
sword,photos/sword/ext_124.jpg
sword,photos/sword/ext_68.jpg
sword,photos/sword/ext_116.jpg
sword,photos/sword/ext_6.jpg
sword,photos/sword/ext_131.jpg
sword,photos/sword/ext_38.jpg
sword,photos/sword/ext_56.jpg
sword,photos/sword/n04373894_35504.jpg
sword,photos/sword/ext_173.jpg
sword,photos/sword/ext_62.jpg
sword,photos/sword/n03039493_265.jpg
sword,photos/sword/n04147793_5716.jpg
sword,photos/sword/ext_156.jpg
sword,photos/sword/ext_168.jpg
sword,photos/sword/ext_165.jpg
sword,photos/sword/n04373894_29278.jpg
sword,photos/sword/ext_137.jpg
sword,photos/sword/ext_89.jpg
sword,photos/sword/n03039493_3510.jpg
sword,photos/sword/n04373894_52388.jpg
sword,photos/sword/n04373894_35749.jpg
sword,photos/sword/ext_135.jpg
sword,photos/sword/ext_3.jpg
sword,photos/sword/ext_49.jpg
sword,photos/sword/ext_2.jpg
sword,photos/sword/ext_75.jpg
sword,photos/sword/n04373894_5320.jpg
sword,photos/sword/ext_29.jpg
sword,photos/sword/n04373894_49580.jpg
sword,photos/sword/n04373894_29804.jpg
sword,photos/sword/ext_17.jpg
sword,photos/sword/n04373894_51836.jpg
sword,photos/sword/n04147793_15676.jpg
sword,photos/sword/ext_46.jpg
sword,photos/sword/ext_63.jpg
sword,photos/sword/ext_105.jpg
sword,photos/sword/ext_61.jpg
sword,photos/sword/ext_54.jpg
sword,photos/sword/ext_12.jpg
sword,photos/sword/n04373894_33699.jpg
sword,photos/sword/ext_53.jpg
sword,photos/sword/ext_9.jpg
sword,photos/sword/n04373894_59046.jpg
sword,photos/sword/n04373894_38337.jpg
sword,photos/sword/n04373894_42258.jpg
sword,photos/sword/ext_115.jpg
sword,photos/sword/ext_163.jpg
sword,photos/sword/n04373894_56476.jpg
sword,photos/sword/ext_72.jpg
sword,photos/sword/n04373894_31750.jpg
sword,photos/sword/n04373894_30456.jpg
sword,photos/sword/n04373894_29332.jpg
sword,photos/sword/ext_118.jpg
sword,photos/sword/ext_42.jpg
sword,photos/sword/ext_120.jpg
sword,photos/sword/n04373894_31203.jpg
sword,photos/sword/ext_11.jpg
sword,photos/sword/ext_155.jpg
sword,photos/sword/n04373894_45351.jpg
sword,photos/sword/ext_4.jpg
sword,photos/sword/n04147793_3741.jpg
