pizza,sketches/pizza/n07873807_10621-2.png
pizza,sketches/pizza/n07873807_12794-5.png
pizza,sketches/pizza/n07873807_11028-3.png
pizza,sketches/pizza/n07873807_6135-6.png
pizza,sketches/pizza/n07873807_11457-5.png
pizza,sketches/pizza/n07873807_7179-6.png
pizza,sketches/pizza/n07873807_10998-6.png
pizza,sketches/pizza/n07873807_8632-8.png
pizza,sketches/pizza/n07873807_7113-2.png
pizza,sketches/pizza/n07873807_10932-3.png
pizza,sketches/pizza/n07873807_2618-4.png
pizza,sketches/pizza/n07873807_5907-1.png
pizza,sketches/pizza/n07873807_2044-4.png
pizza,sketches/pizza/n07873807_3557-5.png
pizza,sketches/pizza/n07873807_12468-1.png
pizza,sketches/pizza/n07873807_6135-2.png
pizza,sketches/pizza/n07873807_8190-5.png
pizza,sketches/pizza/n07873807_12769-3.png
pizza,sketches/pizza/n07873807_9595-4.png
pizza,sketches/pizza/n07873807_8839-5.png
pizza,sketches/pizza/n07873807_10972-2.png
pizza,sketches/pizza/n07873807_2618-2.png
pizza,sketches/pizza/n07873807_9141-5.png
pizza,sketches/pizza/n07873807_11942-3.png
pizza,sketches/pizza/n07873807_6472-2.png
pizza,sketches/pizza/n07873807_11663-2.png
pizza,sketches/pizza/n07873807_9588-1.png
pizza,sketches/pizza/n07873807_7773-4.png
pizza,sketches/pizza/n07873807_4934-3.png
pizza,sketches/pizza/n07873807_10972-4.png
pizza,sketches/pizza/n07873807_6026-2.png
pizza,sketches/pizza/n07873807_7160-2.png
pizza,sketches/pizza/n07873807_11663-3.png
pizza,sketches/pizza/n07873807_11028-6.png
pizza,sketches/pizza/n07873807_6472-3.png
pizza,sketches/pizza/n07873807_2885-5.png
pizza,sketches/pizza/n07873807_4571-5.png
pizza,sketches/pizza/n07873807_9267-1.png
pizza,sketches/pizza/n07873807_12811-5.png
pizza,sketches/pizza/n07873807_13185-7.png
pizza,sketches/pizza/n07873807_1854-8.png
pizza,sketches/pizza/n07873807_13101-4.png
pizza,sketches/pizza/n07873807_10998-7.png
pizza,sketches/pizza/n07873807_1854-10.png
pizza,sketches/pizza/n07873807_2048-1.png
pizza,sketches/pizza/n07873807_6026-6.png
pizza,sketches/pizza/n07873807_5401-2.png
pizza,sketches/pizza/n07873807_914-1.png
pizza,sketches/pizza/n07873807_1257-4.png
pizza,sketches/pizza/n07873807_13185-1.png
pizza,sketches/pizza/n07873807_3052-4.png
pizza,sketches/pizza/n07873807_2408-4.png
pizza,sketches/pizza/n07873807_9595-5.png
pizza,sketches/pizza/n07873807_2151-8.png
pizza,sketches/pizza/n07873807_7458-1.png
pizza,sketches/pizza/n07873807_14532-4.png
pizza,sketches/pizza/n07873807_1597-8.png
pizza,sketches/pizza/n07873807_9588-3.png
pizza,sketches/pizza/n07873807_1257-1.png
pizza,sketches/pizza/n07873807_3807-1.png
pizza,sketches/pizza/n07873807_13185-2.png
pizza,sketches/pizza/n07873807_11457-4.png
pizza,sketches/pizza/n07873807_6849-5.png
pizza,sketches/pizza/n07873807_231-7.png
pizza,sketches/pizza/n07873807_10621-3.png
pizza,sketches/pizza/n07873807_8412-4.png
pizza,sketches/pizza/n07873807_20709-2.png
pizza,sketches/pizza/n07873807_2408-5.png
pizza,sketches/pizza/n07873807_2524-4.png
pizza,sketches/pizza/n07873807_2117-3.png
pizza,sketches/pizza/n07873807_6015-2.png
pizza,sketches/pizza/n07873807_19530-1.png
pizza,sketches/pizza/n07873807_10166-4.png
pizza,sketches/pizza/n07873807_1597-7.png
pizza,sketches/pizza/n07873807_10166-8.png
pizza,sketches/pizza/n07873807_7747-5.png
pizza,sketches/pizza/n07873807_8190-1.png
pizza,sketches/pizza/n07873807_7160-1.png
pizza,sketches/pizza/n07873807_8190-7.png
pizza,sketches/pizza/n07873807_6026-1.png
pizza,sketches/pizza/n07873807_10341-4.png
pizza,sketches/pizza/n07873807_5858-5.png
pizza,sketches/pizza/n07873807_1766-3.png
pizza,sketches/pizza/n07873807_6026-4.png
pizza,sketches/pizza/n07873807_4797-5.png
pizza,sketches/pizza/n07873807_1854-1.png
pizza,sketches/pizza/n07873807_10341-2.png
pizza,sketches/pizza/n07873807_9595-3.png
pizza,sketches/pizza/n07873807_9267-5.png
pizza,sketches/pizza/n07873807_11248-8.png
pizza,sketches/pizza/n07873807_3052-1.png
pizza,sketches/pizza/n07873807_1597-6.png
pizza,sketches/pizza/n07873807_5858-2.png
pizza,sketches/pizza/n07873807_8839-8.png
pizza,sketches/pizza/n07873807_2048-2.png
pizza,sketches/pizza/n07873807_14532-5.png
pizza,sketches/pizza/n07873807_6849-9.png
pizza,sketches/pizza/n07873807_6495-4.png
pizza,sketches/pizza/n07873807_1597-5.png
pizza,sketches/pizza/n07873807_9141-2.png
pizza,sketches/pizza/n07873807_20709-8.png
pizza,sketches/pizza/n07873807_4571-1.png
pizza,sketches/pizza/n07873807_7124-4.png
pizza,sketches/pizza/n07873807_7773-3.png
pizza,sketches/pizza/n07873807_791-2.png
pizza,sketches/pizza/n07873807_10513-2.png
pizza,sketches/pizza/n07873807_6015-5.png
pizza,sketches/pizza/n07873807_7705-2.png
pizza,sketches/pizza/n07873807_7383-1.png
pizza,sketches/pizza/n07873807_8412-1.png
pizza,sketches/pizza/n07873807_7383-5.png
pizza,sketches/pizza/n07873807_11143-5.png
pizza,sketches/pizza/n07873807_6495-1.png
pizza,sketches/pizza/n07873807_2200-5.png
pizza,sketches/pizza/n07873807_11641-5.png
pizza,sketches/pizza/n07873807_3557-2.png
pizza,sketches/pizza/n07873807_2117-5.png
pizza,sketches/pizza/n07873807_2524-3.png
pizza,sketches/pizza/n07873807_1597-4.png
pizza,sketches/pizza/n07873807_2408-2.png
pizza,sketches/pizza/n07873807_5711-3.png
pizza,sketches/pizza/n07873807_1952-5.png
pizza,sketches/pizza/n07873807_5785-2.png
pizza,sketches/pizza/n07873807_11348-3.png
pizza,sketches/pizza/n07873807_10842-3.png
pizza,sketches/pizza/n07873807_8839-6.png
pizza,sketches/pizza/n07873807_7747-8.png
pizza,sketches/pizza/n07873807_1854-2.png
pizza,sketches/pizza/n07873807_4934-5.png
pizza,sketches/pizza/n07873807_11348-1.png
pizza,sketches/pizza/n07873807_7458-2.png
pizza,sketches/pizza/n07873807_8632-5.png
pizza,sketches/pizza/n07873807_5907-3.png
pizza,sketches/pizza/n07873807_6849-8.png
pizza,sketches/pizza/n07873807_10932-2.png
pizza,sketches/pizza/n07873807_3557-4.png
pizza,sketches/pizza/n07873807_12582-4.png
pizza,sketches/pizza/n07873807_500-3.png
pizza,sketches/pizza/n07873807_7705-4.png
pizza,sketches/pizza/n07873807_9429-7.png
pizza,sketches/pizza/n07873807_10283-2.png
pizza,sketches/pizza/n07873807_3981-2.png
pizza,sketches/pizza/n07873807_9267-3.png
pizza,sketches/pizza/n07873807_1709-3.png
pizza,sketches/pizza/n07873807_6026-3.png
pizza,sketches/pizza/n07873807_2044-5.png
pizza,sketches/pizza/n07873807_4571-6.png
pizza,sketches/pizza/n07873807_12794-3.png
pizza,sketches/pizza/n07873807_11348-5.png
pizza,sketches/pizza/n07873807_12769-1.png
pizza,sketches/pizza/n07873807_5858-3.png
pizza,sketches/pizza/n07873807_13101-2.png
pizza,sketches/pizza/n07873807_1920-1.png
pizza,sketches/pizza/n07873807_9588-2.png
pizza,sketches/pizza/n07873807_2618-1.png
pizza,sketches/pizza/n07873807_10842-2.png
pizza,sketches/pizza/n07873807_2048-5.png
pizza,sketches/pizza/n07873807_3981-5.png
pizza,sketches/pizza/n07873807_10621-4.png
pizza,sketches/pizza/n07873807_5711-2.png
pizza,sketches/pizza/n07873807_1952-4.png
pizza,sketches/pizza/n07873807_10513-4.png
pizza,sketches/pizza/n07873807_2408-1.png
pizza,sketches/pizza/n07873807_231-2.png
pizza,sketches/pizza/n07873807_7747-7.png
pizza,sketches/pizza/n07873807_20709-1.png
pizza,sketches/pizza/n07873807_10166-9.png
pizza,sketches/pizza/n07873807_2117-4.png
pizza,sketches/pizza/n07873807_2885-4.png
pizza,sketches/pizza/n07873807_2524-1.png
pizza,sketches/pizza/n07873807_12893-3.png
pizza,sketches/pizza/n07873807_791-8.png
pizza,sketches/pizza/n07873807_10283-6.png
pizza,sketches/pizza/n07873807_8190-6.png
pizza,sketches/pizza/n07873807_7179-4.png
pizza,sketches/pizza/n07873807_7124-5.png
pizza,sketches/pizza/n07873807_791-1.png
pizza,sketches/pizza/n07873807_8124-6.png
pizza,sketches/pizza/n07873807_10166-2.png
pizza,sketches/pizza/n07873807_914-4.png
pizza,sketches/pizza/n07873807_13359-1.png
pizza,sketches/pizza/n07873807_1766-1.png
pizza,sketches/pizza/n07873807_13020-1.png
pizza,sketches/pizza/n07873807_7124-3.png
pizza,sketches/pizza/n07873807_11348-4.png
pizza,sketches/pizza/n07873807_13185-4.png
pizza,sketches/pizza/n07873807_7383-6.png
pizza,sketches/pizza/n07873807_10998-9.png
pizza,sketches/pizza/n07873807_5640-3.png
pizza,sketches/pizza/n07873807_2618-3.png
pizza,sketches/pizza/n07873807_19530-5.png
pizza,sketches/pizza/n07873807_11028-5.png
pizza,sketches/pizza/n07873807_12893-1.png
pizza,sketches/pizza/n07873807_791-9.png
pizza,sketches/pizza/n07873807_10231-1.png
pizza,sketches/pizza/n07873807_8076-4.png
pizza,sketches/pizza/n07873807_8370-2.png
pizza,sketches/pizza/n07873807_8370-4.png
pizza,sketches/pizza/n07873807_11641-3.png
pizza,sketches/pizza/n07873807_5907-5.png
pizza,sketches/pizza/n07873807_2048-7.png
pizza,sketches/pizza/n07873807_11028-7.png
pizza,sketches/pizza/n07873807_7160-5.png
pizza,sketches/pizza/n07873807_4058-2.png
pizza,sketches/pizza/n07873807_1854-5.png
pizza,sketches/pizza/n07873807_10621-1.png
pizza,sketches/pizza/n07873807_13101-3.png
pizza,sketches/pizza/n07873807_8370-1.png
pizza,sketches/pizza/n07873807_1920-4.png
pizza,sketches/pizza/n07873807_2044-1.png
pizza,sketches/pizza/n07873807_3557-3.png
pizza,sketches/pizza/n07873807_1257-7.png
pizza,sketches/pizza/n07873807_1597-3.png
pizza,sketches/pizza/n07873807_6015-3.png
pizza,sketches/pizza/n07873807_1597-2.png
pizza,sketches/pizza/n07873807_11457-3.png
pizza,sketches/pizza/n07873807_3557-1.png
pizza,sketches/pizza/n07873807_1854-4.png
pizza,sketches/pizza/n07873807_1854-7.png
pizza,sketches/pizza/n07873807_13359-2.png
pizza,sketches/pizza/n07873807_6849-3.png
pizza,sketches/pizza/n07873807_2200-2.png
pizza,sketches/pizza/n07873807_2151-7.png
pizza,sketches/pizza/n07873807_9429-1.png
pizza,sketches/pizza/n07873807_1766-2.png
pizza,sketches/pizza/n07873807_3752-1.png
pizza,sketches/pizza/n07873807_8370-5.png
pizza,sketches/pizza/n07873807_4571-4.png
pizza,sketches/pizza/n07873807_7113-4.png
pizza,sketches/pizza/n07873807_11248-1.png
pizza,sketches/pizza/n07873807_11457-2.png
pizza,sketches/pizza/n07873807_8694-3.png
pizza,sketches/pizza/n07873807_2297-5.png
pizza,sketches/pizza/n07873807_1597-1.png
pizza,sketches/pizza/n07873807_2233-4.png
pizza,sketches/pizza/n07873807_5785-1.png
pizza,sketches/pizza/n07873807_11143-4.png
pizza,sketches/pizza/n07873807_2297-1.png
pizza,sketches/pizza/n07873807_2200-6.png
pizza,sketches/pizza/n07873807_8632-2.png
pizza,sketches/pizza/n07873807_13020-4.png
pizza,sketches/pizza/n07873807_791-3.png
pizza,sketches/pizza/n07873807_7705-3.png
pizza,sketches/pizza/n07873807_791-6.png
pizza,sketches/pizza/n07873807_1257-9.png
pizza,sketches/pizza/n07873807_8694-2.png
pizza,sketches/pizza/n07873807_12582-1.png
pizza,sketches/pizza/n07873807_3807-2.png
pizza,sketches/pizza/n07873807_5640-5.png
pizza,sketches/pizza/n07873807_7179-1.png
pizza,sketches/pizza/n07873807_5401-4.png
pizza,sketches/pizza/n07873807_10998-5.png
pizza,sketches/pizza/n07873807_7747-4.png
pizza,sketches/pizza/n07873807_3807-3.png
pizza,sketches/pizza/n07873807_2200-4.png
pizza,sketches/pizza/n07873807_1854-6.png
pizza,sketches/pizza/n07873807_3052-5.png
pizza,sketches/pizza/n07873807_7383-3.png
pizza,sketches/pizza/n07873807_2048-4.png
pizza,sketches/pizza/n07873807_8076-2.png
pizza,sketches/pizza/n07873807_11028-1.png
pizza,sketches/pizza/n07873807_11248-5.png
pizza,sketches/pizza/n07873807_10166-1.png
pizza,sketches/pizza/n07873807_8370-6.png
pizza,sketches/pizza/n07873807_20709-4.png
pizza,sketches/pizza/n07873807_11143-2.png
pizza,sketches/pizza/n07873807_6849-4.png
pizza,sketches/pizza/n07873807_231-6.png
pizza,sketches/pizza/n07873807_5401-5.png
pizza,sketches/pizza/n07873807_10513-3.png
pizza,sketches/pizza/n07873807_231-4.png
pizza,sketches/pizza/n07873807_10341-1.png
pizza,sketches/pizza/n07873807_9429-3.png
pizza,sketches/pizza/n07873807_2048-3.png
pizza,sketches/pizza/n07873807_14532-1.png
pizza,sketches/pizza/n07873807_5711-4.png
pizza,sketches/pizza/n07873807_11143-1.png
pizza,sketches/pizza/n07873807_20709-7.png
pizza,sketches/pizza/n07873807_4934-1.png
pizza,sketches/pizza/n07873807_7773-2.png
pizza,sketches/pizza/n07873807_10998-2.png
pizza,sketches/pizza/n07873807_231-3.png
pizza,sketches/pizza/n07873807_2524-5.png
pizza,sketches/pizza/n07873807_4571-3.png
pizza,sketches/pizza/n07873807_11248-3.png
pizza,sketches/pizza/n07873807_4797-6.png
pizza,sketches/pizza/n07873807_11663-8.png
pizza,sketches/pizza/n07873807_11028-2.png
pizza,sketches/pizza/n07873807_8839-4.png
pizza,sketches/pizza/n07873807_8124-3.png
pizza,sketches/pizza/n07873807_6015-1.png
pizza,sketches/pizza/n07873807_9141-3.png
pizza,sketches/pizza/n07873807_1709-4.png
pizza,sketches/pizza/n07873807_2117-6.png
pizza,sketches/pizza/n07873807_11641-2.png
pizza,sketches/pizza/n07873807_20709-3.png
pizza,sketches/pizza/n07873807_10513-5.png
pizza,sketches/pizza/n07873807_5711-5.png
pizza,sketches/pizza/n07873807_13359-3.png
pizza,sketches/pizza/n07873807_6495-5.png
pizza,sketches/pizza/n07873807_9429-4.png
pizza,sketches/pizza/n07873807_4797-2.png
pizza,sketches/pizza/n07873807_11942-1.png
pizza,sketches/pizza/n07873807_4443-2.png
pizza,sketches/pizza/n07873807_12582-5.png
pizza,sketches/pizza/n07873807_10166-7.png
pizza,sketches/pizza/n07873807_4934-2.png
pizza,sketches/pizza/n07873807_11942-2.png
pizza,sketches/pizza/n07873807_4797-1.png
pizza,sketches/pizza/n07873807_6135-3.png
pizza,sketches/pizza/n07873807_7113-5.png
pizza,sketches/pizza/n07873807_11248-2.png
pizza,sketches/pizza/n07873807_9429-2.png
pizza,sketches/pizza/n07873807_10621-5.png
pizza,sketches/pizza/n07873807_3981-1.png
pizza,sketches/pizza/n07873807_13101-1.png
pizza,sketches/pizza/n07873807_2297-2.png
pizza,sketches/pizza/n07873807_14532-2.png
pizza,sketches/pizza/n07873807_5640-4.png
pizza,sketches/pizza/n07873807_11663-4.png
pizza,sketches/pizza/n07873807_10341-3.png
pizza,sketches/pizza/n07873807_10998-8.png
pizza,sketches/pizza/n07873807_11641-4.png
pizza,sketches/pizza/n07873807_10166-3.png
pizza,sketches/pizza/n07873807_8839-3.png
pizza,sketches/pizza/n07873807_12468-4.png
pizza,sketches/pizza/n07873807_10998-4.png
pizza,sketches/pizza/n07873807_2885-3.png
pizza,sketches/pizza/n07873807_6472-1.png
pizza,sketches/pizza/n07873807_1257-6.png
pizza,sketches/pizza/n07873807_7124-1.png
pizza,sketches/pizza/n07873807_2200-8.png
pizza,sketches/pizza/n07873807_1709-5.png
pizza,sketches/pizza/n07873807_10283-1.png
pizza,sketches/pizza/n07873807_10972-3.png
pizza,sketches/pizza/n07873807_11028-4.png
pizza,sketches/pizza/n07873807_791-7.png
pizza,sketches/pizza/n07873807_8190-2.png
pizza,sketches/pizza/n07873807_7179-8.png
pizza,sketches/pizza/n07873807_11348-2.png
pizza,sketches/pizza/n07873807_2408-3.png
pizza,sketches/pizza/n07873807_231-5.png
pizza,sketches/pizza/n07873807_11248-7.png
pizza,sketches/pizza/n07873807_7488-5.png
pizza,sketches/pizza/n07873807_6026-5.png
pizza,sketches/pizza/n07873807_5858-1.png
pizza,sketches/pizza/n07873807_10231-4.png
pizza,sketches/pizza/n07873807_231-8.png
pizza,sketches/pizza/n07873807_10166-10.png
pizza,sketches/pizza/n07873807_8694-1.png
pizza,sketches/pizza/n07873807_8124-2.png
pizza,sketches/pizza/n07873807_13020-2.png
pizza,sketches/pizza/n07873807_10932-5.png
pizza,sketches/pizza/n07873807_7179-9.png
pizza,sketches/pizza/n07873807_11248-9.png
pizza,sketches/pizza/n07873807_8412-7.png
pizza,sketches/pizza/n07873807_231-9.png
pizza,sketches/pizza/n07873807_914-2.png
pizza,sketches/pizza/n07873807_2044-3.png
pizza,sketches/pizza/n07873807_8412-2.png
pizza,sketches/pizza/n07873807_11028-9.png
pizza,sketches/pizza/n07873807_9595-1.png
pizza,sketches/pizza/n07873807_9141-1.png
pizza,sketches/pizza/n07873807_12794-6.png
pizza,sketches/pizza/n07873807_2885-1.png
pizza,sketches/pizza/n07873807_7383-2.png
pizza,sketches/pizza/n07873807_13020-3.png
pizza,sketches/pizza/n07873807_9588-7.png
pizza,sketches/pizza/n07873807_11153-4.png
pizza,sketches/pizza/n07873807_2151-1.png
pizza,sketches/pizza/n07873807_12811-1.png
pizza,sketches/pizza/n07873807_2151-6.png
pizza,sketches/pizza/n07873807_10283-4.png
pizza,sketches/pizza/n07873807_4934-4.png
pizza,sketches/pizza/n07873807_11942-5.png
pizza,sketches/pizza/n07873807_10932-4.png
pizza,sketches/pizza/n07873807_10166-6.png
pizza,sketches/pizza/n07873807_6472-5.png
pizza,sketches/pizza/n07873807_9429-6.png
pizza,sketches/pizza/n07873807_2044-2.png
pizza,sketches/pizza/n07873807_2618-5.png
pizza,sketches/pizza/n07873807_2524-2.png
pizza,sketches/pizza/n07873807_9429-8.png
pizza,sketches/pizza/n07873807_7179-5.png
pizza,sketches/pizza/n07873807_2233-1.png
pizza,sketches/pizza/n07873807_13185-3.png
pizza,sketches/pizza/n07873807_11942-4.png
pizza,sketches/pizza/n07873807_12893-5.png
pizza,sketches/pizza/n07873807_8632-1.png
pizza,sketches/pizza/n07873807_19530-4.png
pizza,sketches/pizza/n07873807_12794-1.png
pizza,sketches/pizza/n07873807_5907-2.png
pizza,sketches/pizza/n07873807_791-4.png
pizza,sketches/pizza/n07873807_7179-7.png
pizza,sketches/pizza/n07873807_4058-1.png
pizza,sketches/pizza/n07873807_8694-4.png
pizza,sketches/pizza/n07873807_5711-1.png
pizza,sketches/pizza/n07873807_231-1.png
pizza,sketches/pizza/n07873807_12582-3.png
pizza,sketches/pizza/n07873807_10042-1.png
pizza,sketches/pizza/n07873807_7179-3.png
pizza,sketches/pizza/n07873807_12811-3.png
pizza,sketches/pizza/n07873807_10231-6.png
pizza,sketches/pizza/n07873807_12811-2.png
pizza,sketches/pizza/n07873807_8412-3.png
pizza,sketches/pizza/n07873807_12769-5.png
pizza,sketches/pizza/n07873807_10998-1.png
pizza,sketches/pizza/n07873807_8124-1.png
pizza,sketches/pizza/n07873807_8124-4.png
pizza,sketches/pizza/n07873807_8412-8.png
pizza,sketches/pizza/n07873807_10231-2.png
pizza,sketches/pizza/n07873807_2200-7.png
pizza,sketches/pizza/n07873807_6135-1.png
pizza,sketches/pizza/n07873807_4571-2.png
pizza,sketches/pizza/n07873807_500-4.png
pizza,sketches/pizza/n07873807_14532-3.png
pizza,sketches/pizza/n07873807_6495-3.png
pizza,sketches/pizza/n07873807_6849-2.png
pizza,sketches/pizza/n07873807_10042-3.png
pizza,sketches/pizza/n07873807_9267-2.png
pizza,sketches/pizza/n07873807_3807-4.png
pizza,sketches/pizza/n07873807_8412-9.png
pizza,sketches/pizza/n07873807_5640-1.png
pizza,sketches/pizza/n07873807_2233-5.png
pizza,sketches/pizza/n07873807_4797-3.png
pizza,sketches/pizza/n07873807_3807-5.png
pizza,sketches/pizza/n07873807_9588-4.png
pizza,sketches/pizza/n07873807_12769-2.png
pizza,sketches/pizza/n07873807_3752-4.png
pizza,sketches/pizza/n07873807_10042-5.png
pizza,sketches/pizza/n07873807_20709-5.png
pizza,sketches/pizza/n07873807_7747-1.png
pizza,sketches/pizza/n07873807_5907-4.png
pizza,sketches/pizza/n07873807_1766-4.png
pizza,sketches/pizza/n07873807_7458-4.png
pizza,sketches/pizza/n07873807_7747-3.png
pizza,sketches/pizza/n07873807_10842-4.png
pizza,sketches/pizza/n07873807_791-5.png
pizza,sketches/pizza/n07873807_8839-9.png
pizza,sketches/pizza/n07873807_10283-3.png
pizza,sketches/pizza/n07873807_2117-1.png
pizza,sketches/pizza/n07873807_11641-1.png
pizza,sketches/pizza/n07873807_8632-4.png
pizza,sketches/pizza/n07873807_10972-1.png
pizza,sketches/pizza/n07873807_2618-6.png
pizza,sketches/pizza/n07873807_11028-8.png
pizza,sketches/pizza/n07873807_7383-4.png
pizza,sketches/pizza/n07873807_11143-3.png
pizza,sketches/pizza/n07873807_5401-6.png
pizza,sketches/pizza/n07873807_2297-3.png
pizza,sketches/pizza/n07873807_2233-6.png
pizza,sketches/pizza/n07873807_5858-4.png
pizza,sketches/pizza/n07873807_7488-3.png
pizza,sketches/pizza/n07873807_5785-3.png
pizza,sketches/pizza/n07873807_500-5.png
pizza,sketches/pizza/n07873807_500-2.png
pizza,sketches/pizza/n07873807_8694-5.png
pizza,sketches/pizza/n07873807_1952-1.png
pizza,sketches/pizza/n07873807_2151-9.png
pizza,sketches/pizza/n07873807_11457-1.png
pizza,sketches/pizza/n07873807_3752-5.png
pizza,sketches/pizza/n07873807_5401-1.png
pizza,sketches/pizza/n07873807_11248-6.png
pizza,sketches/pizza/n07873807_11663-1.png
pizza,sketches/pizza/n07873807_7705-5.png
pizza,sketches/pizza/n07873807_4443-1.png
pizza,sketches/pizza/n07873807_8412-6.png
pizza,sketches/pizza/n07873807_13359-4.png
pizza,sketches/pizza/n07873807_8839-2.png
pizza,sketches/pizza/n07873807_1952-2.png
pizza,sketches/pizza/n07873807_10231-7.png
pizza,sketches/pizza/n07873807_1709-1.png
pizza,sketches/pizza/n07873807_2151-10.png
pizza,sketches/pizza/n07873807_20709-6.png
pizza,sketches/pizza/n07873807_1920-3.png
pizza,sketches/pizza/n07873807_20709-9.png
pizza,sketches/pizza/n07873807_10998-3.png
pizza,sketches/pizza/n07873807_2297-4.png
pizza,sketches/pizza/n07873807_13020-6.png
pizza,sketches/pizza/n07873807_8632-9.png
pizza,sketches/pizza/n07873807_7458-3.png
pizza,sketches/pizza/n07873807_1854-9.png
pizza,sketches/pizza/n07873807_3752-6.png
pizza,sketches/pizza/n07873807_12893-2.png
pizza,sketches/pizza/n07873807_7747-2.png
pizza,sketches/pizza/n07873807_2233-3.png
pizza,sketches/pizza/n07873807_9595-2.png
pizza,sketches/pizza/n07873807_7705-1.png
pizza,sketches/pizza/n07873807_914-3.png
pizza,sketches/pizza/n07873807_2618-7.png
pizza,sketches/pizza/n07873807_13359-5.png
pizza,sketches/pizza/n07873807_8632-6.png
pizza,sketches/pizza/n07873807_9429-9.png
pizza,sketches/pizza/n07873807_9429-5.png
pizza,sketches/pizza/n07873807_8370-3.png
pizza,sketches/pizza/n07873807_6849-6.png
pizza,sketches/pizza/n07873807_9141-4.png
pizza,sketches/pizza/n07873807_10513-1.png
pizza,sketches/pizza/n07873807_3752-3.png
pizza,sketches/pizza/n07873807_6135-5.png
pizza,sketches/pizza/n07873807_12811-4.png
pizza,sketches/pizza/n07873807_7179-2.png
pizza,sketches/pizza/n07873807_6849-7.png
pizza,sketches/pizza/n07873807_11153-5.png
pizza,sketches/pizza/n07873807_10842-1.png
pizza,sketches/pizza/n07873807_10932-1.png
pizza,sketches/pizza/n07873807_7488-2.png
pizza,sketches/pizza/n07873807_1952-3.png
pizza,sketches/pizza/n07873807_7124-2.png
pizza,sketches/pizza/n07873807_10283-5.png
pizza,sketches/pizza/n07873807_4058-3.png
pizza,sketches/pizza/n07873807_8632-7.png
pizza,sketches/pizza/n07873807_4058-4.png
pizza,sketches/pizza/n07873807_7488-1.png
pizza,sketches/pizza/n07873807_8839-1.png
pizza,sketches/pizza/n07873807_2151-2.png
pizza,sketches/pizza/n07873807_7113-1.png
pizza,sketches/pizza/n07873807_8124-5.png
pizza,sketches/pizza/n07873807_12468-3.png
pizza,sketches/pizza/n07873807_2200-3.png
pizza,sketches/pizza/n07873807_3981-4.png
pizza,sketches/pizza/n07873807_6135-4.png
pizza,sketches/pizza/n07873807_12893-4.png
pizza,sketches/pizza/n07873807_3752-2.png
pizza,sketches/pizza/n07873807_10231-5.png
pizza,sketches/pizza/n07873807_2151-5.png
pizza,sketches/pizza/n07873807_11153-1.png
pizza,sketches/pizza/n07873807_4443-4.png
pizza,sketches/pizza/n07873807_5401-3.png
pizza,sketches/pizza/n07873807_19530-2.png
pizza,sketches/pizza/n07873807_7160-4.png
pizza,sketches/pizza/n07873807_6849-1.png
pizza,sketches/pizza/n07873807_8076-1.png
pizza,sketches/pizza/n07873807_1709-2.png
pizza,sketches/pizza/n07873807_4443-3.png
pizza,sketches/pizza/n07873807_7458-5.png
pizza,sketches/pizza/n07873807_8632-3.png
pizza,sketches/pizza/n07873807_11248-4.png
pizza,sketches/pizza/n07873807_6015-4.png
pizza,sketches/pizza/n07873807_10231-3.png
pizza,sketches/pizza/n07873807_1257-2.png
pizza,sketches/pizza/n07873807_914-5.png
pizza,sketches/pizza/n07873807_2233-2.png
pizza,sketches/pizza/n07873807_9588-6.png
pizza,sketches/pizza/n07873807_1920-2.png
pizza,sketches/pizza/n07873807_2200-1.png
pizza,sketches/pizza/n07873807_1257-8.png
pizza,sketches/pizza/n07873807_11153-2.png
pizza,sketches/pizza/n07873807_10166-5.png
pizza,sketches/pizza/n07873807_1257-3.png
pizza,sketches/pizza/n07873807_8412-5.png
pizza,sketches/pizza/n07873807_12582-2.png
pizza,sketches/pizza/n07873807_12468-5.png
pizza,sketches/pizza/n07873807_19530-3.png
pizza,sketches/pizza/n07873807_7113-3.png
pizza,sketches/pizza/n07873807_12794-4.png
pizza,sketches/pizza/n07873807_8839-7.png
pizza,sketches/pizza/n07873807_8076-3.png
pizza,sketches/pizza/n07873807_3052-2.png
pizza,sketches/pizza/n07873807_7160-3.png
pizza,sketches/pizza/n07873807_7488-4.png
pizza,sketches/pizza/n07873807_4058-5.png
pizza,sketches/pizza/n07873807_7747-6.png
pizza,sketches/pizza/n07873807_5785-5.png
pizza,sketches/pizza/n07873807_2048-6.png
pizza,sketches/pizza/n07873807_2151-3.png
pizza,sketches/pizza/n07873807_13185-5.png
pizza,sketches/pizza/n07873807_3052-3.png
pizza,sketches/pizza/n07873807_8076-5.png
pizza,sketches/pizza/n07873807_2885-2.png
pizza,sketches/pizza/n07873807_11663-6.png
pizza,sketches/pizza/n07873807_10972-5.png
pizza,sketches/pizza/n07873807_13020-5.png
pizza,sketches/pizza/n07873807_2117-2.png
pizza,sketches/pizza/n07873807_4443-5.png
pizza,sketches/pizza/n07873807_11663-7.png
pizza,sketches/pizza/n07873807_11663-5.png
pizza,sketches/pizza/n07873807_8190-3.png
pizza,sketches/pizza/n07873807_5640-2.png
pizza,sketches/pizza/n07873807_10842-5.png
pizza,sketches/pizza/n07873807_500-1.png
pizza,sketches/pizza/n07873807_12769-4.png
pizza,sketches/pizza/n07873807_9267-4.png
pizza,sketches/pizza/n07873807_13185-6.png
pizza,sketches/pizza/n07873807_10042-2.png
pizza,sketches/pizza/n07873807_2151-4.png
pizza,sketches/pizza/n07873807_8190-4.png
pizza,sketches/pizza/n07873807_4797-4.png
pizza,sketches/pizza/n07873807_13101-5.png
pizza,sketches/pizza/n07873807_12794-2.png
pizza,sketches/pizza/n07873807_8190-8.png
pizza,sketches/pizza/n07873807_11153-3.png
pizza,sketches/pizza/n07873807_1920-5.png
pizza,sketches/pizza/n07873807_6495-2.png
pizza,sketches/pizza/n07873807_1257-5.png
pizza,sketches/pizza/n07873807_7773-1.png
pizza,sketches/pizza/n07873807_3981-3.png
pizza,sketches/pizza/n07873807_7773-5.png
pizza,sketches/pizza/n07873807_1766-5.png
pizza,sketches/pizza/n07873807_1854-3.png
pizza,sketches/pizza/n07873807_9588-5.png
pizza,sketches/pizza/n07873807_5785-4.png
pizza,sketches/pizza/n07873807_10042-4.png
pizza,sketches/pizza/n07873807_12468-2.png
pizza,sketches/pizza/n07873807_6472-4.png
pizza,sketches/pizza/n07873807_10341-5.png
sword,sketches/sword/n04147793_15676-2.png
sword,sketches/sword/n04373894_28236-5.png
sword,sketches/sword/n04373894_29303-9.png
sword,sketches/sword/n04147793_7939-6.png
sword,sketches/sword/n04373894_5320-1.png
sword,sketches/sword/n04373894_29316-2.png
sword,sketches/sword/n04373894_35066-5.png
sword,sketches/sword/n04373894_28236-3.png
sword,sketches/sword/n03039493_5432-1.png
sword,sketches/sword/n04373894_29303-8.png
sword,sketches/sword/n04373894_29158-4.png
sword,sketches/sword/n04373894_27472-1.png
sword,sketches/sword/n04373894_41922-6.png
sword,sketches/sword/n04373894_30706-8.png
sword,sketches/sword/n04373894_29303-6.png
sword,sketches/sword/n04373894_32014-4.png
sword,sketches/sword/n04373894_13582-1.png
sword,sketches/sword/n04373894_53516-4.png
sword,sketches/sword/n04147793_1759-4.png
sword,sketches/sword/n04373894_30456-4.png
sword,sketches/sword/n04373894_11246-9.png
sword,sketches/sword/n04373894_53516-5.png
sword,sketches/sword/n04373894_29112-3.png
sword,sketches/sword/n04373894_36217-1.png
sword,sketches/sword/n04373894_56551-1.png
sword,sketches/sword/n04373894_29332-1.png
sword,sketches/sword/n03039493_265-1.png
sword,sketches/sword/n04373894_38337-3.png
sword,sketches/sword/n04373894_30706-10.png
sword,sketches/sword/n04373894_60028-5.png
sword,sketches/sword/n04373894_51344-4.png
sword,sketches/sword/n04373894_32946-5.png
sword,sketches/sword/n04373894_37359-3.png
sword,sketches/sword/n04373894_58428-4.png
sword,sketches/sword/n04373894_27941-3.png
sword,sketches/sword/n04373894_51414-5.png
sword,sketches/sword/n04373894_40106-7.png
sword,sketches/sword/n04373894_57629-5.png
sword,sketches/sword/n04373894_27941-4.png
sword,sketches/sword/n04373894_45055-2.png
sword,sketches/sword/n03039493_542-3.png
sword,sketches/sword/n04373894_29332-8.png
sword,sketches/sword/n04373894_59046-5.png
sword,sketches/sword/n04147793_13881-3.png
sword,sketches/sword/n04373894_37359-5.png
sword,sketches/sword/n03039493_5432-2.png
sword,sketches/sword/n04373894_27024-2.png
sword,sketches/sword/n04373894_13582-3.png
sword,sketches/sword/n04373894_11246-5.png
sword,sketches/sword/n04373894_35066-1.png
sword,sketches/sword/n04373894_41839-6.png
sword,sketches/sword/n04373894_32014-3.png
sword,sketches/sword/n04147793_5716-4.png
sword,sketches/sword/n04373894_56551-4.png
sword,sketches/sword/n04373894_31203-3.png
sword,sketches/sword/n04373894_47693-3.png
sword,sketches/sword/n04373894_32946-1.png
sword,sketches/sword/n04373894_47693-4.png
sword,sketches/sword/n04373894_30706-3.png
sword,sketches/sword/n04373894_35749-5.png
sword,sketches/sword/n04147793_7939-3.png
sword,sketches/sword/n04373894_26002-6.png
sword,sketches/sword/n04373894_36791-2.png
sword,sketches/sword/n04373894_60028-7.png
sword,sketches/sword/n04373894_35066-4.png
sword,sketches/sword/n04373894_57317-5.png
sword,sketches/sword/n04373894_28440-4.png
sword,sketches/sword/n04373894_36217-7.png
sword,sketches/sword/n04373894_49580-6.png
sword,sketches/sword/n04373894_30166-3.png
sword,sketches/sword/n04373894_49580-8.png
sword,sketches/sword/n04373894_25977-1.png
sword,sketches/sword/n04373894_29158-6.png
sword,sketches/sword/n04373894_30706-2.png
sword,sketches/sword/n04373894_59060-4.png
sword,sketches/sword/n04373894_41839-1.png
sword,sketches/sword/n04373894_36791-1.png
sword,sketches/sword/n04373894_30456-1.png
sword,sketches/sword/n04373894_33699-5.png
sword,sketches/sword/n04373894_27941-2.png
sword,sketches/sword/n04373894_44787-2.png
sword,sketches/sword/n04373894_36478-2.png
sword,sketches/sword/n04373894_45055-5.png
sword,sketches/sword/n04373894_36791-5.png
sword,sketches/sword/n04373894_44787-5.png
sword,sketches/sword/n04373894_28440-6.png
sword,sketches/sword/n04373894_32729-5.png
sword,sketches/sword/n04373894_58813-1.png
sword,sketches/sword/n03039493_542-5.png
sword,sketches/sword/n03039493_3510-5.png
sword,sketches/sword/n04373894_33277-6.png
sword,sketches/sword/n04373894_41839-5.png
sword,sketches/sword/n04373894_44664-2.png
sword,sketches/sword/n04373894_27155-3.png
sword,sketches/sword/n04373894_59046-4.png
sword,sketches/sword/n04373894_29112-2.png
sword,sketches/sword/n04373894_56551-9.png
sword,sketches/sword/n04373894_29152-2.png
sword,sketches/sword/n04373894_28236-4.png
sword,sketches/sword/n04373894_29316-4.png
sword,sketches/sword/n04373894_41839-3.png
sword,sketches/sword/n04373894_51836-4.png
sword,sketches/sword/n04373894_29278-1.png
sword,sketches/sword/n04373894_29316-5.png
sword,sketches/sword/n04373894_35504-5.png
sword,sketches/sword/n04373894_27557-2.png
sword,sketches/sword/n04373894_35066-3.png
sword,sketches/sword/n04373894_29316-6.png
sword,sketches/sword/n04373894_58182-4.png
sword,sketches/sword/n04373894_31082-7.png
sword,sketches/sword/n04373894_45351-3.png
sword,sketches/sword/n04373894_29278-3.png
sword,sketches/sword/n04373894_27155-9.png
sword,sketches/sword/n04373894_41839-2.png
sword,sketches/sword/n04147793_13881-2.png
sword,sketches/sword/n04373894_51344-5.png
sword,sketches/sword/n04373894_59046-3.png
sword,sketches/sword/n04373894_27155-6.png
sword,sketches/sword/n04373894_28236-7.png
sword,sketches/sword/n04373894_42854-6.png
sword,sketches/sword/n04373894_53516-7.png
sword,sketches/sword/n04147793_7095-3.png
sword,sketches/sword/n04373894_45055-4.png
sword,sketches/sword/n04373894_42258-4.png
sword,sketches/sword/n04373894_58182-2.png
sword,sketches/sword/n04373894_58813-4.png
sword,sketches/sword/n04373894_56551-7.png
sword,sketches/sword/n04373894_27472-5.png
sword,sketches/sword/n03039493_265-4.png
sword,sketches/sword/n04373894_29303-1.png
sword,sketches/sword/n04373894_30706-4.png
sword,sketches/sword/n04373894_29332-6.png
sword,sketches/sword/n04373894_30965-6.png
sword,sketches/sword/n04373894_30965-2.png
sword,sketches/sword/n04373894_35749-3.png
sword,sketches/sword/n03039493_542-4.png
sword,sketches/sword/n04373894_51836-8.png
sword,sketches/sword/n04373894_59046-8.png
sword,sketches/sword/n04147793_7939-4.png
sword,sketches/sword/n04373894_5320-4.png
sword,sketches/sword/n04373894_36217-8.png
sword,sketches/sword/n04373894_29721-3.png
sword,sketches/sword/n04147793_6149-2.png
sword,sketches/sword/n04373894_51344-2.png
sword,sketches/sword/n04373894_33323-3.png
sword,sketches/sword/n04373894_31750-2.png
sword,sketches/sword/n04147793_3741-4.png
sword,sketches/sword/n04373894_33277-4.png
sword,sketches/sword/n04373894_29316-1.png
sword,sketches/sword/n04373894_27941-5.png
sword,sketches/sword/n04373894_55980-3.png
sword,sketches/sword/n04373894_57317-4.png
sword,sketches/sword/n04373894_35504-4.png
sword,sketches/sword/n04373894_33699-2.png
sword,sketches/sword/n04373894_59060-1.png
sword,sketches/sword/n03039493_607-3.png
sword,sketches/sword/n04373894_31746-5.png
sword,sketches/sword/n04373894_47135-4.png
sword,sketches/sword/n04373894_40106-8.png
sword,sketches/sword/n04373894_56476-3.png
sword,sketches/sword/n04373894_55980-4.png
sword,sketches/sword/n03039493_542-1.png
sword,sketches/sword/n04373894_41922-5.png
sword,sketches/sword/n04373894_31082-6.png
sword,sketches/sword/n04147793_15298-4.png
sword,sketches/sword/n04373894_58182-1.png
sword,sketches/sword/n04373894_20807-1.png
sword,sketches/sword/n04373894_11246-6.png
sword,sketches/sword/n04147793_15025-5.png
sword,sketches/sword/n04373894_29152-5.png
sword,sketches/sword/n04373894_29158-3.png
sword,sketches/sword/n04373894_39879-3.png
sword,sketches/sword/n04373894_40106-9.png
sword,sketches/sword/n04373894_13582-2.png
sword,sketches/sword/n04373894_27024-9.png
sword,sketches/sword/n04373894_49580-7.png
sword,sketches/sword/n04373894_47135-3.png
sword,sketches/sword/n04373894_30732-3.png
sword,sketches/sword/n04373894_42854-9.png
sword,sketches/sword/n04373894_49580-5.png
sword,sketches/sword/n04147793_7095-5.png
sword,sketches/sword/n04373894_5320-2.png
sword,sketches/sword/n04373894_30706-7.png
sword,sketches/sword/n04373894_30706-1.png
sword,sketches/sword/n04373894_30965-1.png
sword,sketches/sword/n04373894_5320-5.png
sword,sketches/sword/n04147793_7939-2.png
sword,sketches/sword/n04147793_6149-6.png
sword,sketches/sword/n04373894_20807-3.png
sword,sketches/sword/n04373894_51836-6.png
sword,sketches/sword/n04373894_30166-1.png
sword,sketches/sword/n04373894_14331-1.png
sword,sketches/sword/n04373894_53516-6.png
sword,sketches/sword/n04373894_30965-4.png
sword,sketches/sword/n04373894_31746-1.png
sword,sketches/sword/n04373894_56551-5.png
sword,sketches/sword/n04373894_29332-5.png
sword,sketches/sword/n04373894_14331-3.png
sword,sketches/sword/n04373894_55980-1.png
sword,sketches/sword/n04373894_27155-1.png
sword,sketches/sword/n04147793_2547-5.png
sword,sketches/sword/n04373894_60028-6.png
sword,sketches/sword/n04373894_36217-3.png
sword,sketches/sword/n04373894_52388-3.png
sword,sketches/sword/n04373894_51414-4.png
sword,sketches/sword/n04373894_31746-2.png
sword,sketches/sword/n04373894_40106-3.png
sword,sketches/sword/n04373894_32946-4.png
sword,sketches/sword/n04373894_49580-4.png
sword,sketches/sword/n04373894_36217-4.png
sword,sketches/sword/n04373894_35066-6.png
sword,sketches/sword/n04373894_27024-5.png
sword,sketches/sword/n04373894_52388-2.png
sword,sketches/sword/n04373894_26002-4.png
sword,sketches/sword/n04373894_25977-5.png
sword,sketches/sword/n04147793_15676-1.png
sword,sketches/sword/n04373894_55970-4.png
sword,sketches/sword/n04373894_14331-8.png
sword,sketches/sword/n04373894_51414-1.png
sword,sketches/sword/n04373894_58428-1.png
sword,sketches/sword/n04147793_1759-5.png
sword,sketches/sword/n04373894_53516-2.png
sword,sketches/sword/n04373894_32729-2.png
sword,sketches/sword/n04373894_42854-7.png
sword,sketches/sword/n04373894_37359-1.png
sword,sketches/sword/n04373894_28440-2.png
sword,sketches/sword/n04373894_28096-3.png
sword,sketches/sword/n04373894_31203-4.png
sword,sketches/sword/n04373894_29152-4.png
sword,sketches/sword/n04373894_20807-4.png
sword,sketches/sword/n03039493_265-3.png
sword,sketches/sword/n04373894_51344-1.png
sword,sketches/sword/n04373894_31750-4.png
sword,sketches/sword/n03039493_607-5.png
sword,sketches/sword/n04373894_14331-2.png
sword,sketches/sword/n04373894_56551-6.png
sword,sketches/sword/n04373894_43185-4.png
sword,sketches/sword/n04373894_29152-1.png
sword,sketches/sword/n04373894_32729-1.png
sword,sketches/sword/n04373894_29721-4.png
sword,sketches/sword/n04373894_27557-4.png
sword,sketches/sword/n04373894_27472-2.png
sword,sketches/sword/n04373894_32120-2.png
sword,sketches/sword/n04373894_27024-1.png
sword,sketches/sword/n04147793_6149-5.png
sword,sketches/sword/n04373894_37359-4.png
sword,sketches/sword/n04373894_54591-2.png
sword,sketches/sword/n04373894_31746-4.png
sword,sketches/sword/n04373894_31082-4.png
sword,sketches/sword/n04373894_54591-4.png
sword,sketches/sword/n03039493_265-5.png
sword,sketches/sword/n04373894_27941-1.png
sword,sketches/sword/n04373894_57629-4.png
sword,sketches/sword/n04373894_33277-3.png
sword,sketches/sword/n04373894_29447-5.png
sword,sketches/sword/n04373894_44787-3.png
sword,sketches/sword/n04373894_58428-5.png
sword,sketches/sword/n04147793_15676-3.png
sword,sketches/sword/n04373894_28236-9.png
sword,sketches/sword/n04373894_45351-4.png
sword,sketches/sword/n04373894_28236-6.png
sword,sketches/sword/n04373894_44664-3.png
sword,sketches/sword/n04373894_49580-9.png
sword,sketches/sword/n04373894_27024-7.png
sword,sketches/sword/n04373894_30706-6.png
sword,sketches/sword/n04373894_30965-5.png
sword,sketches/sword/n04373894_31082-10.png
sword,sketches/sword/n04373894_57629-1.png
sword,sketches/sword/n04373894_42854-4.png
sword,sketches/sword/n04147793_2547-1.png
sword,sketches/sword/n03039493_607-4.png
sword,sketches/sword/n04373894_51414-2.png
sword,sketches/sword/n04373894_44664-1.png
sword,sketches/sword/n04373894_42258-2.png
sword,sketches/sword/n04373894_33277-1.png
sword,sketches/sword/n04373894_35749-4.png
sword,sketches/sword/n04373894_29721-2.png
sword,sketches/sword/n04373894_42854-3.png
sword,sketches/sword/n04373894_41922-3.png
sword,sketches/sword/n04373894_29303-3.png
sword,sketches/sword/n04373894_32014-1.png
sword,sketches/sword/n04373894_29152-3.png
sword,sketches/sword/n04373894_35504-3.png
sword,sketches/sword/n04373894_14331-5.png
sword,sketches/sword/n04373894_35749-6.png
sword,sketches/sword/n04373894_59060-5.png
sword,sketches/sword/n04373894_29158-1.png
sword,sketches/sword/n04373894_39879-6.png
sword,sketches/sword/n04373894_59046-9.png
sword,sketches/sword/n04373894_58813-5.png
sword,sketches/sword/n04373894_11246-8.png
sword,sketches/sword/n04373894_31203-2.png
sword,sketches/sword/n04147793_7095-1.png
sword,sketches/sword/n04373894_36478-5.png
sword,sketches/sword/n04373894_39879-2.png
sword,sketches/sword/n04373894_27024-6.png
sword,sketches/sword/n04147793_13881-4.png
sword,sketches/sword/n04373894_42854-5.png
sword,sketches/sword/n04147793_6149-4.png
sword,sketches/sword/n04373894_27024-4.png
sword,sketches/sword/n04373894_57317-1.png
sword,sketches/sword/n04373894_41922-7.png
sword,sketches/sword/n04373894_33699-1.png
sword,sketches/sword/n04373894_29112-5.png
sword,sketches/sword/n04373894_52388-1.png
sword,sketches/sword/n04373894_40106-1.png
sword,sketches/sword/n04147793_5716-1.png
sword,sketches/sword/n04373894_14331-6.png
sword,sketches/sword/n04373894_47693-1.png
sword,sketches/sword/n04373894_31750-3.png
sword,sketches/sword/n03039493_5432-4.png
sword,sketches/sword/n04373894_30456-3.png
sword,sketches/sword/n04373894_47135-1.png
sword,sketches/sword/n04373894_38337-4.png
sword,sketches/sword/n04373894_11246-7.png
sword,sketches/sword/n04373894_11246-3.png
sword,sketches/sword/n04373894_25977-2.png
sword,sketches/sword/n04373894_27472-4.png
sword,sketches/sword/n04373894_29278-5.png
sword,sketches/sword/n04147793_6149-3.png
sword,sketches/sword/n04373894_29562-5.png
sword,sketches/sword/n04373894_27155-8.png
sword,sketches/sword/n04373894_30732-1.png
sword,sketches/sword/n04373894_39879-5.png
sword,sketches/sword/n04373894_27557-1.png
sword,sketches/sword/n04147793_3741-1.png
sword,sketches/sword/n04373894_30166-8.png
sword,sketches/sword/n04373894_29447-1.png
sword,sketches/sword/n04373894_30706-9.png
sword,sketches/sword/n03039493_2187-3.png
sword,sketches/sword/n04373894_41839-4.png
sword,sketches/sword/n04373894_42258-1.png
sword,sketches/sword/n04373894_56476-4.png
sword,sketches/sword/n04373894_27557-5.png
sword,sketches/sword/n04373894_58428-2.png
sword,sketches/sword/n04147793_15298-1.png
sword,sketches/sword/n04373894_56551-8.png
sword,sketches/sword/n04373894_37359-2.png
sword,sketches/sword/n03039493_2187-1.png
sword,sketches/sword/n04373894_57317-3.png
sword,sketches/sword/n04373894_55980-5.png
sword,sketches/sword/n04373894_52246-3.png
sword,sketches/sword/n04373894_32014-5.png
sword,sketches/sword/n04373894_32120-3.png
sword,sketches/sword/n04373894_36478-1.png
sword,sketches/sword/n04373894_30732-5.png
sword,sketches/sword/n04373894_45055-3.png
sword,sketches/sword/n04373894_59046-1.png
sword,sketches/sword/n04373894_29332-2.png
sword,sketches/sword/n04147793_5716-6.png
sword,sketches/sword/n04373894_42258-3.png
sword,sketches/sword/n04373894_13582-4.png
sword,sketches/sword/n04147793_1759-3.png
sword,sketches/sword/n04147793_13881-5.png
sword,sketches/sword/n04373894_20807-5.png
sword,sketches/sword/n04373894_33699-3.png
sword,sketches/sword/n04373894_32014-2.png
sword,sketches/sword/n04373894_39879-8.png
sword,sketches/sword/n04373894_51836-1.png
sword,sketches/sword/n04373894_29447-4.png
sword,sketches/sword/n04373894_26002-3.png
sword,sketches/sword/n04373894_29158-8.png
sword,sketches/sword/n04373894_31082-8.png
sword,sketches/sword/n04373894_14331-7.png
sword,sketches/sword/n04373894_30166-4.png
sword,sketches/sword/n04373894_56551-3.png
sword,sketches/sword/n04373894_31750-5.png
sword,sketches/sword/n04373894_29447-2.png
sword,sketches/sword/n04147793_6149-1.png
sword,sketches/sword/n03039493_3510-1.png
sword,sketches/sword/n04373894_51836-9.png
sword,sketches/sword/n03039493_2187-5.png
sword,sketches/sword/n04147793_15025-4.png
sword,sketches/sword/n04373894_52246-5.png
sword,sketches/sword/n03039493_2187-4.png
sword,sketches/sword/n04373894_31750-1.png
sword,sketches/sword/n04373894_52246-4.png
sword,sketches/sword/n04373894_41922-1.png
sword,sketches/sword/n04147793_7095-2.png
sword,sketches/sword/n04373894_58813-3.png
sword,sketches/sword/n04373894_56476-5.png
sword,sketches/sword/n04373894_29562-1.png
sword,sketches/sword/n04373894_52246-1.png
sword,sketches/sword/n04373894_27155-2.png
sword,sketches/sword/n04373894_47693-5.png
sword,sketches/sword/n04373894_38337-2.png
sword,sketches/sword/n04373894_44787-1.png
sword,sketches/sword/n04373894_26002-2.png
sword,sketches/sword/n04147793_15298-2.png
sword,sketches/sword/n04373894_60028-3.png
sword,sketches/sword/n04373894_11246-4.png
sword,sketches/sword/n04373894_14331-4.png
sword,sketches/sword/n04373894_25977-6.png
sword,sketches/sword/n04373894_42854-2.png
sword,sketches/sword/n04373894_13582-5.png
sword,sketches/sword/n04373894_60028-2.png
sword,sketches/sword/n04373894_35749-2.png
sword,sketches/sword/n04373894_32946-3.png
sword,sketches/sword/n04373894_30166-2.png
sword,sketches/sword/n04373894_33277-2.png
sword,sketches/sword/n04373894_28236-10.png
sword,sketches/sword/n04373894_47135-5.png
sword,sketches/sword/n04373894_55970-2.png
sword,sketches/sword/n04373894_27155-4.png
sword,sketches/sword/n04373894_27472-3.png
sword,sketches/sword/n04147793_7095-4.png
sword,sketches/sword/n04147793_15298-3.png
sword,sketches/sword/n04373894_28236-8.png
sword,sketches/sword/n04147793_5716-3.png
sword,sketches/sword/n04373894_27557-3.png
sword,sketches/sword/n04373894_43185-1.png
sword,sketches/sword/n04373894_41922-4.png
sword,sketches/sword/n04373894_39879-1.png
sword,sketches/sword/n04373894_56551-10.png
sword,sketches/sword/n04373894_28236-1.png
sword,sketches/sword/n04373894_57629-3.png
sword,sketches/sword/n04147793_3741-5.png
sword,sketches/sword/n04373894_28440-3.png
sword,sketches/sword/n03039493_607-2.png
sword,sketches/sword/n04373894_36478-3.png
sword,sketches/sword/n04373894_29303-4.png
sword,sketches/sword/n04373894_28440-1.png
sword,sketches/sword/n04373894_29562-4.png
sword,sketches/sword/n04373894_11246-1.png
sword,sketches/sword/n04373894_39879-9.png
sword,sketches/sword/n04373894_33323-5.png
sword,sketches/sword/n04373894_60028-4.png
sword,sketches/sword/n04373894_30166-6.png
sword,sketches/sword/n04373894_52246-2.png
sword,sketches/sword/n04373894_29804-5.png
sword,sketches/sword/n04373894_29278-4.png
sword,sketches/sword/n04373894_27024-3.png
sword,sketches/sword/n04373894_51836-7.png
sword,sketches/sword/n04373894_36217-6.png
sword,sketches/sword/n04373894_38337-5.png
sword,sketches/sword/n04373894_55970-1.png
sword,sketches/sword/n04147793_15025-2.png
sword,sketches/sword/n04373894_45351-2.png
sword,sketches/sword/n04373894_27155-5.png
sword,sketches/sword/n04373894_29332-7.png
sword,sketches/sword/n04373894_43185-3.png
sword,sketches/sword/n04373894_36791-4.png
sword,sketches/sword/n04373894_31082-9.png
sword,sketches/sword/n04373894_49580-2.png
sword,sketches/sword/n04373894_40106-4.png
sword,sketches/sword/n04373894_58813-2.png
sword,sketches/sword/n04373894_31203-5.png
sword,sketches/sword/n04373894_27155-10.png
sword,sketches/sword/n04373894_29562-3.png
sword,sketches/sword/n04373894_60028-1.png
sword,sketches/sword/n04373894_52388-4.png
sword,sketches/sword/n04147793_2547-4.png
sword,sketches/sword/n04373894_29303-5.png
sword,sketches/sword/n03039493_542-2.png
sword,sketches/sword/n04373894_32729-3.png
sword,sketches/sword/n03039493_2187-2.png
sword,sketches/sword/n04373894_42854-8.png
sword,sketches/sword/n04373894_59046-2.png
sword,sketches/sword/n04373894_29721-1.png
sword,sketches/sword/n04373894_49580-3.png
sword,sketches/sword/n04373894_49580-1.png
sword,sketches/sword/n04373894_30965-3.png
sword,sketches/sword/n04373894_29278-7.png
sword,sketches/sword/n04373894_5320-3.png
sword,sketches/sword/n04373894_31082-3.png
sword,sketches/sword/n03039493_3510-4.png
sword,sketches/sword/n04373894_30732-2.png
sword,sketches/sword/n04373894_53516-1.png
sword,sketches/sword/n04373894_56551-2.png
sword,sketches/sword/n04373894_32729-4.png
sword,sketches/sword/n04147793_15298-5.png
sword,sketches/sword/n04373894_29158-5.png
sword,sketches/sword/n04373894_28096-4.png
sword,sketches/sword/n03039493_607-1.png
sword,sketches/sword/n04373894_29332-3.png
sword,sketches/sword/n04373894_29158-7.png
sword,sketches/sword/n04373894_27155-7.png
sword,sketches/sword/n04373894_29721-5.png
sword,sketches/sword/n04373894_29804-1.png
sword,sketches/sword/n04147793_15025-3.png
sword,sketches/sword/n04373894_33323-1.png
sword,sketches/sword/n04373894_11246-2.png
sword,sketches/sword/n04373894_32120-1.png
sword,sketches/sword/n04373894_29804-3.png
sword,sketches/sword/n03039493_5432-5.png
sword,sketches/sword/n04373894_45351-5.png
sword,sketches/sword/n04147793_2547-2.png
sword,sketches/sword/n04373894_51344-3.png
sword,sketches/sword/n04373894_51836-5.png
sword,sketches/sword/n04373894_56476-2.png
sword,sketches/sword/n04373894_36217-2.png
sword,sketches/sword/n04373894_42258-5.png
sword,sketches/sword/n04373894_44787-4.png
sword,sketches/sword/n04373894_29316-3.png
sword,sketches/sword/n04373894_29332-9.png
sword,sketches/sword/n04373894_36791-3.png
sword,sketches/sword/n04373894_31082-5.png
sword,sketches/sword/n04373894_14331-9.png
sword,sketches/sword/n04147793_15676-4.png
sword,sketches/sword/n04373894_44664-5.png
sword,sketches/sword/n04373894_53516-3.png
sword,sketches/sword/n04373894_33323-2.png
sword,sketches/sword/n04147793_15025-1.png
sword,sketches/sword/n04147793_3741-2.png
sword,sketches/sword/n03039493_3510-3.png
sword,sketches/sword/n04373894_47135-2.png
sword,sketches/sword/n04373894_29447-3.png
sword,sketches/sword/n04373894_29332-4.png
sword,sketches/sword/n04373894_28096-1.png
sword,sketches/sword/n04373894_36217-5.png
sword,sketches/sword/n04373894_59046-7.png
sword,sketches/sword/n04373894_28096-5.png
sword,sketches/sword/n04373894_58182-5.png
sword,sketches/sword/n04373894_57317-2.png
sword,sketches/sword/n04373894_54591-5.png
sword,sketches/sword/n04373894_26002-1.png
sword,sketches/sword/n04373894_29112-1.png
sword,sketches/sword/n04373894_5320-6.png
sword,sketches/sword/n04373894_58428-3.png
sword,sketches/sword/n04373894_33277-8.png
sword,sketches/sword/n04147793_1759-1.png
sword,sketches/sword/n04147793_13881-1.png
sword,sketches/sword/n04373894_29562-2.png
sword,sketches/sword/n04373894_26002-5.png
sword,sketches/sword/n04373894_29158-2.png
sword,sketches/sword/n04373894_33277-7.png
sword,sketches/sword/n04373894_51836-3.png
sword,sketches/sword/n04373894_35066-2.png
sword,sketches/sword/n04373894_38337-1.png
sword,sketches/sword/n04373894_29804-4.png
sword,sketches/sword/n04373894_43185-2.png
sword,sketches/sword/n04373894_56476-1.png
sword,sketches/sword/n04373894_29278-2.png
sword,sketches/sword/n04373894_53516-8.png
sword,sketches/sword/n03039493_265-2.png
sword,sketches/sword/n04373894_20807-2.png
sword,sketches/sword/n04373894_59060-3.png
sword,sketches/sword/n04373894_41922-2.png
sword,sketches/sword/n04373894_54591-3.png
sword,sketches/sword/n04373894_32946-2.png
sword,sketches/sword/n04373894_29158-9.png
sword,sketches/sword/n04373894_31746-3.png
sword,sketches/sword/n04373894_35504-2.png
sword,sketches/sword/n04373894_30732-4.png
sword,sketches/sword/n04373894_45351-1.png
sword,sketches/sword/n04373894_47693-2.png
sword,sketches/sword/n04147793_15676-5.png
sword,sketches/sword/n03039493_5432-3.png
sword,sketches/sword/n04373894_28096-2.png
sword,sketches/sword/n04373894_55980-2.png
sword,sketches/sword/n04373894_57629-2.png
sword,sketches/sword/n04373894_55970-5.png
sword,sketches/sword/n04373894_54591-1.png
sword,sketches/sword/n04373894_41922-8.png
sword,sketches/sword/n04147793_1759-2.png
sword,sketches/sword/n04373894_28236-2.png
sword,sketches/sword/n04147793_5716-2.png
sword,sketches/sword/n04373894_39879-4.png
sword,sketches/sword/n04373894_27024-8.png
sword,sketches/sword/n04373894_32120-4.png
sword,sketches/sword/n04147793_3741-3.png
sword,sketches/sword/n04373894_29112-4.png
sword,sketches/sword/n04373894_59060-2.png
sword,sketches/sword/n04373894_35504-1.png
sword,sketches/sword/n04373894_55970-3.png
sword,sketches/sword/n04373894_30166-7.png
sword,sketches/sword/n04373894_42854-1.png
sword,sketches/sword/n04373894_40106-2.png
sword,sketches/sword/n04373894_30456-5.png
sword,sketches/sword/n04147793_5716-5.png
sword,sketches/sword/n04373894_32120-5.png
sword,sketches/sword/n04373894_39879-7.png
sword,sketches/sword/n04373894_29303-2.png
sword,sketches/sword/n04373894_25977-4.png
sword,sketches/sword/n04373894_35749-1.png
sword,sketches/sword/n04373894_30166-5.png
sword,sketches/sword/n04373894_29804-2.png
sword,sketches/sword/n04373894_45055-1.png
sword,sketches/sword/n04373894_59046-6.png
sword,sketches/sword/n04373894_51836-2.png
sword,sketches/sword/n04373894_40106-6.png
sword,sketches/sword/n04373894_51414-3.png
sword,sketches/sword/n03039493_3510-2.png
sword,sketches/sword/n04373894_29278-6.png
sword,sketches/sword/n04373894_40106-5.png
sword,sketches/sword/n04373894_30706-5.png
sword,sketches/sword/n04373894_58182-3.png
sword,sketches/sword/n04373894_28440-5.png
sword,sketches/sword/n04373894_33277-5.png
sword,sketches/sword/n04147793_2547-3.png
sword,sketches/sword/n04373894_33699-4.png
sword,sketches/sword/n04373894_31203-1.png
sword,sketches/sword/n04147793_7939-1.png
sword,sketches/sword/n04373894_43185-5.png
sword,sketches/sword/n04373894_42258-6.png
sword,sketches/sword/n04373894_52388-5.png
sword,sketches/sword/n04373894_31082-1.png
sword,sketches/sword/n04373894_44664-4.png
sword,sketches/sword/n04373894_29303-7.png
sword,sketches/sword/n04373894_25977-3.png
sword,sketches/sword/n04373894_36478-4.png
sword,sketches/sword/n04373894_30456-2.png
sword,sketches/sword/n04147793_7939-5.png
sword,sketches/sword/n04373894_33323-4.png
sword,sketches/sword/n04373894_31082-2.png
